<?xml version = '1.0' encoding = 'UTF-8'?>
<Table class="oracle.dbtools.crest.model.design.relational.Table" directorySegmentName="seg_0" id="64B341F4-C69C-6EBD-E309-B1A17111DEB5" name="TBL_FACTURACION_PAGOS">
<createdBy>Erick Marín</createdBy>
<createdTime>2015-11-19 20:33:11 UTC</createdTime>
<ownerDesignName>modelo_relacional_trello</ownerDesignName>
<schemaObject>EB82B015-0832-9A69-1C9F-913138F5629C</schemaObject>
<allowColumnReorder>false</allowColumnReorder>
<existDependencyGenerateInDDl>true</existDependencyGenerateInDDl>
<columns itemClass="oracle.dbtools.crest.model.design.relational.Column">
<Column name="CODIGO_FACTURA" id="74A8AC37-1655-5A49-ADBD-BBE4216EB75D">
<createdBy>Erick Marín</createdBy>
<createdTime>2015-11-19 20:34:58 UTC</createdTime>
<ownerDesignName>modelo_relacional_trello</ownerDesignName>
<useDomainConstraints>false</useDomainConstraints>
<use>1</use>
<logicalDatatype>LOGDT011</logicalDatatype>
<autoIncrementCycle>false</autoIncrementCycle>
</Column>
<Column name="CODIGO_PLAN" id="AC9882E2-A78E-5EF8-D420-56AC2C460D44">
<createdBy>Erick Marín</createdBy>
<createdTime>2015-11-19 20:35:40 UTC</createdTime>
<ownerDesignName>modelo_relacional_trello</ownerDesignName>
<useDomainConstraints>false</useDomainConstraints>
<use>1</use>
<logicalDatatype>LOGDT011</logicalDatatype>
<previousColumn>false</previousColumn>
<autoIncrementCycle>false</autoIncrementCycle>
<associations>
<colAssociation fkAssociation="FE8292A0-8360-96CB-1978-44FBC6503FB3" referredColumn="E073FE2A-6940-9404-84B0-534653CB9421"/>
</associations>
</Column>
<Column name="CODIGO_USUARIO" id="711BC9E4-1AF2-7C78-5DD6-9578F025E0B9">
<createdBy>Erick Marín</createdBy>
<createdTime>2015-11-19 20:35:56 UTC</createdTime>
<ownerDesignName>modelo_relacional_trello</ownerDesignName>
<useDomainConstraints>false</useDomainConstraints>
<use>1</use>
<logicalDatatype>LOGDT011</logicalDatatype>
<previousColumn>false</previousColumn>
<autoIncrementCycle>false</autoIncrementCycle>
<associations>
<colAssociation fkAssociation="3BAD3EA9-A47F-1D2F-0661-6017C6947524" referredColumn="FAE56B30-8777-D3E7-81DC-4B08692912A7"/>
</associations>
</Column>
<Column name="FECHA_INICIO" id="8816F10F-73BE-6EA1-D9AF-D525D3CB40EE">
<createdBy>Erick Marín</createdBy>
<createdTime>2015-11-19 20:34:58 UTC</createdTime>
<ownerDesignName>modelo_relacional_trello</ownerDesignName>
<useDomainConstraints>false</useDomainConstraints>
<use>1</use>
<logicalDatatype>LOGDT007</logicalDatatype>
<autoIncrementCycle>false</autoIncrementCycle>
</Column>
<Column name="FECHA_FIN" id="B480BE68-24C3-8094-EAF3-719F0F896DBF">
<createdBy>Erick Marín</createdBy>
<createdTime>2015-11-19 20:34:58 UTC</createdTime>
<ownerDesignName>modelo_relacional_trello</ownerDesignName>
<useDomainConstraints>false</useDomainConstraints>
<use>1</use>
<logicalDatatype>LOGDT007</logicalDatatype>
<autoIncrementCycle>false</autoIncrementCycle>
</Column>
<Column name="MONTO" id="C10D3CF3-B9EA-F84C-B36A-58140D50711C">
<createdBy>Erick Marín</createdBy>
<createdTime>2015-11-19 20:34:58 UTC</createdTime>
<ownerDesignName>modelo_relacional_trello</ownerDesignName>
<useDomainConstraints>false</useDomainConstraints>
<use>1</use>
<logicalDatatype>LOGDT020</logicalDatatype>
<autoIncrementCycle>false</autoIncrementCycle>
</Column>
<Column name="DESCUENTO" id="4B3D9C38-B1F5-01C7-BD03-EF1E830387D4">
<createdBy>Erick Marín</createdBy>
<createdTime>2015-11-19 20:34:58 UTC</createdTime>
<ownerDesignName>modelo_relacional_trello</ownerDesignName>
<nullsAllowed>true</nullsAllowed>
<useDomainConstraints>false</useDomainConstraints>
<use>1</use>
<logicalDatatype>LOGDT020</logicalDatatype>
<autoIncrementCycle>false</autoIncrementCycle>
</Column>
</columns>
<indexes itemClass="oracle.dbtools.crest.model.design.relational.Index">
<ind_PK_UK id="C3D3F500-696F-5149-E3EC-8D70E5D17236" name="TBL_FACTURACION_PAGOS_PK">
<createdBy>Erick Marín</createdBy>
<createdTime>2015-11-19 20:34:58 UTC</createdTime>
<ownerDesignName>modelo_relacional_trello</ownerDesignName>
<pk>true</pk>
<indexState>Primary Constraint</indexState>
<isSurrogateKey>false</isSurrogateKey>
<indexColumnUsage>
<colUsage columnID="74A8AC37-1655-5A49-ADBD-BBE4216EB75D"/>
</indexColumnUsage>
</ind_PK_UK>
<ind_PK_UK id="541ADD7E-E043-0441-3E42-6390AEB65531" name="FAC_PAG_PL_FK">
<createdBy>Erick Marín</createdBy>
<createdTime>2015-11-19 20:35:40 UTC</createdTime>
<ownerDesignName>modelo_relacional_trello</ownerDesignName>
<indexState>Foreign Key</indexState>
<isSurrogateKey>false</isSurrogateKey>
<indexColumnUsage>
<colUsage columnID="AC9882E2-A78E-5EF8-D420-56AC2C460D44"/>
</indexColumnUsage>
</ind_PK_UK>
<ind_PK_UK id="E96DE2CB-58C8-D834-0C98-E8F41D89304D" name="FAC_PAG_USU_FK">
<createdBy>Erick Marín</createdBy>
<createdTime>2015-11-19 20:35:56 UTC</createdTime>
<ownerDesignName>modelo_relacional_trello</ownerDesignName>
<indexState>Foreign Key</indexState>
<isSurrogateKey>false</isSurrogateKey>
<indexColumnUsage>
<colUsage columnID="711BC9E4-1AF2-7C78-5DD6-9578F025E0B9"/>
</indexColumnUsage>
</ind_PK_UK>
</indexes>
</Table>