<?xml version = '1.0' encoding = 'UTF-8'?>
<Table class="oracle.dbtools.crest.model.design.relational.Table" directorySegmentName="seg_0" id="B2DB9307-E485-F5EE-98E1-82809731BBE3" name="TBL_CHECKLIST_ITEMS">
<createdBy>Erick Marín</createdBy>
<createdTime>2015-11-19 20:43:33 UTC</createdTime>
<ownerDesignName>modelo_relacional_trello</ownerDesignName>
<schemaObject>EB82B015-0832-9A69-1C9F-913138F5629C</schemaObject>
<allowColumnReorder>false</allowColumnReorder>
<existDependencyGenerateInDDl>true</existDependencyGenerateInDDl>
<columns itemClass="oracle.dbtools.crest.model.design.relational.Column">
<Column name="CODIGO_ITEM" id="5BE9E899-98BC-F2F2-B671-828A10AA5A1C">
<createdBy>Erick Marín</createdBy>
<createdTime>2015-11-19 20:44:53 UTC</createdTime>
<ownerDesignName>modelo_relacional_trello</ownerDesignName>
<useDomainConstraints>false</useDomainConstraints>
<use>1</use>
<logicalDatatype>LOGDT011</logicalDatatype>
<autoIncrementCycle>false</autoIncrementCycle>
</Column>
<Column name="CODIGO_CHECKLIST" id="AE04B564-52F2-1DAE-427F-5FEDDEA9B99C">
<createdBy>Erick Marín</createdBy>
<createdTime>2015-11-19 20:45:05 UTC</createdTime>
<ownerDesignName>modelo_relacional_trello</ownerDesignName>
<useDomainConstraints>false</useDomainConstraints>
<use>1</use>
<logicalDatatype>LOGDT011</logicalDatatype>
<previousColumn>false</previousColumn>
<autoIncrementCycle>false</autoIncrementCycle>
<associations>
<colAssociation fkAssociation="6EB1CC93-5378-1D57-0FB3-2C4A2F92A041" referredColumn="BD5D3F3A-567C-CE12-3B26-39E42B9ABA04"/>
</associations>
</Column>
<Column name="TITULO_ITEM" id="054C4A91-DBFB-6C65-F8E6-62B0B26A05F2">
<createdBy>Erick Marín</createdBy>
<createdTime>2015-11-19 20:44:53 UTC</createdTime>
<ownerDesignName>modelo_relacional_trello</ownerDesignName>
<useDomainConstraints>false</useDomainConstraints>
<use>1</use>
<logicalDatatype>LOGDT024</logicalDatatype>
<dataTypeSize>200</dataTypeSize>
<autoIncrementCycle>false</autoIncrementCycle>
</Column>
<Column name="FINALIZADO" id="91311B11-68EA-D7FD-D4EB-0CD1C8EEFC60">
<createdBy>Erick Marín</createdBy>
<createdTime>2015-11-19 20:44:53 UTC</createdTime>
<ownerDesignName>modelo_relacional_trello</ownerDesignName>
<useDomainConstraints>false</useDomainConstraints>
<use>1</use>
<logicalDatatype>LOGDT024</logicalDatatype>
<dataTypeSize>1</dataTypeSize>
<autoIncrementCycle>false</autoIncrementCycle>
</Column>
</columns>
<indexes itemClass="oracle.dbtools.crest.model.design.relational.Index">
<ind_PK_UK id="60148566-D4C5-CF67-2EC2-A63207BE45DF" name="TBL_CHECKLIST_ITEMS_PK">
<createdBy>Erick Marín</createdBy>
<createdTime>2015-11-19 20:44:53 UTC</createdTime>
<ownerDesignName>modelo_relacional_trello</ownerDesignName>
<pk>true</pk>
<indexState>Primary Constraint</indexState>
<isSurrogateKey>false</isSurrogateKey>
<indexColumnUsage>
<colUsage columnID="5BE9E899-98BC-F2F2-B671-828A10AA5A1C"/>
</indexColumnUsage>
</ind_PK_UK>
<ind_PK_UK id="CEA06CA6-6F36-8496-DB66-9266AB9C5EB8" name="CHE_ITE_CHE_FK">
<createdBy>Erick Marín</createdBy>
<createdTime>2015-11-19 20:45:05 UTC</createdTime>
<ownerDesignName>modelo_relacional_trello</ownerDesignName>
<indexState>Foreign Key</indexState>
<isSurrogateKey>false</isSurrogateKey>
<indexColumnUsage>
<colUsage columnID="AE04B564-52F2-1DAE-427F-5FEDDEA9B99C"/>
</indexColumnUsage>
</ind_PK_UK>
</indexes>
</Table>