<?xml version = '1.0' encoding = 'UTF-8'?>
<Table class="oracle.dbtools.crest.model.design.relational.Table" directorySegmentName="seg_0" id="C391A505-B3A2-648A-1FCE-83F717DC666F" name="TBL_TIPOS_USUARIO">
<createdBy>Erick Marín</createdBy>
<createdTime>2015-10-05 17:26:04 UTC</createdTime>
<ownerDesignName>modelo_relacional_trello</ownerDesignName>
<schemaObject>EB82B015-0832-9A69-1C9F-913138F5629C</schemaObject>
<allowColumnReorder>false</allowColumnReorder>
<existDependencyGenerateInDDl>true</existDependencyGenerateInDDl>
<columns itemClass="oracle.dbtools.crest.model.design.relational.Column">
<Column name="CODIGO_TIPO_USUARIO" id="C3FA9B74-6C52-57E2-92E7-80DF9F8A6577">
<createdBy>Erick Marín</createdBy>
<createdTime>2015-10-05 17:26:35 UTC</createdTime>
<ownerDesignName>modelo_relacional_trello</ownerDesignName>
<useDomainConstraints>false</useDomainConstraints>
<use>1</use>
<logicalDatatype>LOGDT011</logicalDatatype>
<autoIncrementCycle>false</autoIncrementCycle>
</Column>
<Column name="NOMBRE_TIPO_USUARIO" id="28BE7EB5-A366-5DAA-38DD-35A9ECBBE16D">
<createdBy>Erick Marín</createdBy>
<createdTime>2015-10-05 17:26:35 UTC</createdTime>
<ownerDesignName>modelo_relacional_trello</ownerDesignName>
<useDomainConstraints>false</useDomainConstraints>
<use>1</use>
<logicalDatatype>A3A3C77D-0366-9768-FF89-1C25E56881C8</logicalDatatype>
<dataTypeSize>200</dataTypeSize>
<autoIncrementCycle>false</autoIncrementCycle>
</Column>
</columns>
<indexes itemClass="oracle.dbtools.crest.model.design.relational.Index">
<ind_PK_UK id="D4601E3C-C394-D570-8B9A-3B240E03BAE8" name="TBL_TIPOS_USUARIO_PK">
<createdBy>Erick Marín</createdBy>
<createdTime>2015-10-05 17:26:35 UTC</createdTime>
<ownerDesignName>modelo_relacional_trello</ownerDesignName>
<pk>true</pk>
<indexState>Primary Constraint</indexState>
<isSurrogateKey>false</isSurrogateKey>
<indexColumnUsage>
<colUsage columnID="C3FA9B74-6C52-57E2-92E7-80DF9F8A6577"/>
</indexColumnUsage>
</ind_PK_UK>
</indexes>
</Table>