<?xml version = '1.0' encoding = 'UTF-8'?>
<Table class="oracle.dbtools.crest.model.design.relational.Table" directorySegmentName="seg_0" id="CCE20B97-46D5-03E3-5B4B-6C922111E977" name="TBL_COMENTARIOS">
<createdBy>Erick Marín</createdBy>
<createdTime>2015-10-06 15:15:37 UTC</createdTime>
<ownerDesignName>modelo_relacional_trello</ownerDesignName>
<schemaObject>EB82B015-0832-9A69-1C9F-913138F5629C</schemaObject>
<allowColumnReorder>false</allowColumnReorder>
<existDependencyGenerateInDDl>true</existDependencyGenerateInDDl>
<columns itemClass="oracle.dbtools.crest.model.design.relational.Column">
<Column name="CODIGO_COMENTARIO" id="66D3AADC-3305-411D-8A71-692C9E666858">
<createdBy>Erick Marín</createdBy>
<createdTime>2015-10-06 15:16:38 UTC</createdTime>
<ownerDesignName>modelo_relacional_trello</ownerDesignName>
<useDomainConstraints>false</useDomainConstraints>
<use>1</use>
<logicalDatatype>LOGDT011</logicalDatatype>
<autoIncrementCycle>false</autoIncrementCycle>
</Column>
<Column name="CODIGO_USUARIO" id="4A82AE34-E577-9814-98ED-3EEF97501120">
<createdBy>Erick Marín</createdBy>
<createdTime>2015-10-06 17:27:11 UTC</createdTime>
<ownerDesignName>modelo_relacional_trello</ownerDesignName>
<useDomainConstraints>false</useDomainConstraints>
<use>1</use>
<logicalDatatype>LOGDT011</logicalDatatype>
<previousColumn>false</previousColumn>
<autoIncrementCycle>false</autoIncrementCycle>
<associations>
<colAssociation fkAssociation="0AA7288F-92DC-1638-7731-D231D4354F58" referredColumn="FAE56B30-8777-D3E7-81DC-4B08692912A7"/>
</associations>
</Column>
<Column name="CODIGO_TARJETA" id="6B139DD2-B406-A392-A941-673FD0BA74B4">
<createdBy>Erick Marín</createdBy>
<createdTime>2015-10-06 17:27:33 UTC</createdTime>
<ownerDesignName>modelo_relacional_trello</ownerDesignName>
<useDomainConstraints>false</useDomainConstraints>
<use>1</use>
<logicalDatatype>LOGDT011</logicalDatatype>
<previousColumn>false</previousColumn>
<autoIncrementCycle>false</autoIncrementCycle>
<associations>
<colAssociation fkAssociation="41C169BB-A36D-5D99-9190-1EB1E183EA19" referredColumn="7245D6E0-6B90-C770-D688-A3423A627A48"/>
</associations>
</Column>
<Column name="COMENTARIO" id="AE5AC030-376D-BB8E-4844-83A3714B733F">
<createdBy>Erick Marín</createdBy>
<createdTime>2015-10-06 15:16:38 UTC</createdTime>
<ownerDesignName>modelo_relacional_trello</ownerDesignName>
<useDomainConstraints>false</useDomainConstraints>
<use>1</use>
<logicalDatatype>A3A3C77D-0366-9768-FF89-1C25E56881C8</logicalDatatype>
<dataTypeSize>200</dataTypeSize>
<autoIncrementCycle>false</autoIncrementCycle>
</Column>
<Column name="FECHA_PUBLICACION" id="D05E30C3-1235-A524-DF42-97C433D76525">
<createdBy>Erick Marín</createdBy>
<createdTime>2015-10-06 15:16:38 UTC</createdTime>
<ownerDesignName>modelo_relacional_trello</ownerDesignName>
<useDomainConstraints>false</useDomainConstraints>
<use>1</use>
<logicalDatatype>LOGDT007</logicalDatatype>
<autoIncrementCycle>false</autoIncrementCycle>
</Column>
</columns>
<indexes itemClass="oracle.dbtools.crest.model.design.relational.Index">
<ind_PK_UK id="E9F2DB54-FFBA-60CD-C9AB-461FBCD3051D" name="TBL_COMENTARIOS_PK">
<createdBy>Erick Marín</createdBy>
<createdTime>2015-10-06 15:16:38 UTC</createdTime>
<ownerDesignName>modelo_relacional_trello</ownerDesignName>
<pk>true</pk>
<indexState>Primary Constraint</indexState>
<isSurrogateKey>false</isSurrogateKey>
<indexColumnUsage>
<colUsage columnID="66D3AADC-3305-411D-8A71-692C9E666858"/>
</indexColumnUsage>
</ind_PK_UK>
<ind_PK_UK id="63FFD62B-BAA5-1F50-90EE-1E1877EC9321" name="COM_USU_FK">
<createdBy>Erick Marín</createdBy>
<createdTime>2015-10-06 17:27:11 UTC</createdTime>
<ownerDesignName>modelo_relacional_trello</ownerDesignName>
<indexState>Foreign Key</indexState>
<isSurrogateKey>false</isSurrogateKey>
<indexColumnUsage>
<colUsage columnID="4A82AE34-E577-9814-98ED-3EEF97501120"/>
</indexColumnUsage>
</ind_PK_UK>
<ind_PK_UK id="20B3E819-A4EC-5592-2046-BFDF5CC2D467" name="COML_TAR_FK">
<createdBy>Erick Marín</createdBy>
<createdTime>2015-10-06 17:27:33 UTC</createdTime>
<ownerDesignName>modelo_relacional_trello</ownerDesignName>
<indexState>Foreign Key</indexState>
<isSurrogateKey>false</isSurrogateKey>
<indexColumnUsage>
<colUsage columnID="6B139DD2-B406-A392-A941-673FD0BA74B4"/>
</indexColumnUsage>
</ind_PK_UK>
</indexes>
</Table>