<?xml version = '1.0' encoding = 'UTF-8'?>
<relationalModel class="oracle.dbtools.crest.model.design.relational.RelationalDesign" name="Relational_1" id="86935838-F765-85D0-D8BB-50B738FEB348" mainViewID="A9BAF0AE-0D16-0264-6D6E-9B8C2EDB3E94">
<createdBy>ErickVladimir</createdBy>
<createdTime>2017-01-31 19:34:29 UTC</createdTime>
<ownerDesignName>bd_unah</ownerDesignName>
<shouldBeOpen>false</shouldBeOpen>
<selectedRDBMSSite>32076570-2523-435C-2E92-BF29817DFF70</selectedRDBMSSite>
</relationalModel>