<?xml version = '1.0' encoding = 'UTF-8'?>
<relationalModel class="oracle.dbtools.crest.model.design.relational.RelationalDesign" name="Relational_1" id="E92D496E-6306-5D91-3298-C495584E1604" mainViewID="0FA3CB03-1DD0-C2E3-7E48-35FBA8418FDB">
<createdBy>Erick Marín</createdBy>
<createdTime>2016-08-03 17:09:37 UTC</createdTime>
<ownerDesignName>Youtube</ownerDesignName>
<shouldBeOpen>false</shouldBeOpen>
<selectedRDBMSSite>32076570-2523-435C-2E92-BF29817DFF70</selectedRDBMSSite>
</relationalModel>