<?xml version = '1.0' encoding = 'UTF-8'?>
<FKIndexAssociation class="oracle.dbtools.crest.model.design.relational.FKIndexAssociation" directorySegmentName="seg_0" id="0EE09A85-42D5-4C52-8CF7-85A31ACE080D" containerWithKeyObject="5A0795BE-49F0-DFB9-B59A-9221F705943C" localFKIndex="41F52DEB-6E64-8576-532B-65FC3DF59855" name="TBL_CARGOS_TBL_CARGOS_FK">
<createdBy>ErickVladimir</createdBy>
<createdTime>2017-02-06 19:37:45 UTC</createdTime>
<ownerDesignName>bd_unah</ownerDesignName>
<deleteRule>NO ACTION</deleteRule>
<referredTableID>5A0795BE-49F0-DFB9-B59A-9221F705943C</referredTableID>
<keyObject>24E64185-7936-627F-5975-6B7F83B60896</keyObject>
<referredKeyID>24E64185-7936-627F-5975-6B7F83B60896</referredKeyID>
<mandatory>false</mandatory>
<transferable>true</transferable>
<rely>false</rely>
<columnDependencyConstraintGenerateInDDL>true</columnDependencyConstraintGenerateInDDL>
</FKIndexAssociation>