<?xml version = '1.0' encoding = 'UTF-8'?>
<FKIndexAssociation class="oracle.dbtools.crest.model.design.relational.FKIndexAssociation" directorySegmentName="seg_0" id="2989F3BD-18BB-B43C-17B8-60BD6E36AF6C" containerWithKeyObject="5F8F781E-1275-19D6-DC56-6440F2229132" localFKIndex="100803B7-E34E-5636-D426-37D6F0BECD5C" name="TBL_ALUMNOS_TBL_CAMPUS_FK">
<createdBy>ErickVladimir</createdBy>
<createdTime>2017-02-03 17:05:27 UTC</createdTime>
<ownerDesignName>bd_unah</ownerDesignName>
<deleteRule>NO ACTION</deleteRule>
<referredTableID>01C704E6-3AC5-A413-3B9A-5432528E314E</referredTableID>
<keyObject>1F809D91-D1B5-EC96-9442-ACFA6C35DB0B</keyObject>
<referredKeyID>1F809D91-D1B5-EC96-9442-ACFA6C35DB0B</referredKeyID>
<mandatory>true</mandatory>
<transferable>true</transferable>
<rely>false</rely>
<columnDependencyConstraintGenerateInDDL>true</columnDependencyConstraintGenerateInDDL>
</FKIndexAssociation>