<?xml version = '1.0' encoding = 'UTF-8'?>
<FKIndexAssociation class="oracle.dbtools.crest.model.design.relational.FKIndexAssociation" directorySegmentName="seg_0" id="3257C998-8E1F-77C4-43F4-481311FDB5A8" containerWithKeyObject="7E943C6F-ACFC-61F2-7E07-97944ADC694D" localFKIndex="9EFD8FB1-94B7-5B5B-8E92-2E9E8D7EFA3C" name="TBL_SECCION_TBL_AULAS_FK">
<createdBy>ErickVladimir</createdBy>
<createdTime>2017-02-08 19:21:26 UTC</createdTime>
<ownerDesignName>bd_unah</ownerDesignName>
<deleteRule>NO ACTION</deleteRule>
<referredTableID>092499D4-4CAC-A92B-895A-D545AEE60144</referredTableID>
<keyObject>96BADB64-6895-4C62-CD53-E3CFAD4990BF</keyObject>
<referredKeyID>96BADB64-6895-4C62-CD53-E3CFAD4990BF</referredKeyID>
<mandatory>true</mandatory>
<transferable>true</transferable>
<rely>false</rely>
<columnDependencyConstraintGenerateInDDL>true</columnDependencyConstraintGenerateInDDL>
</FKIndexAssociation>