<?xml version = '1.0' encoding = 'UTF-8'?>
<FKIndexAssociation class="oracle.dbtools.crest.model.design.relational.FKIndexAssociation" directorySegmentName="seg_0" id="C14E5AD6-6445-BBAB-5555-EBA0638F2913" containerWithKeyObject="748D7AA0-1EBF-FEB9-0874-8B52CF77634D" localFKIndex="18D6FB85-59D7-B2B0-D926-1AD4B26E091B" name="TBL_HISTORIAL_TBL_ALUMNOS_FK">
<createdBy>ErickVladimir</createdBy>
<createdTime>2017-02-10 19:19:20 UTC</createdTime>
<ownerDesignName>bd_unah</ownerDesignName>
<deleteRule>NO ACTION</deleteRule>
<referredTableID>74273768-81E0-1CEA-2B68-8DFA0BD8E155</referredTableID>
<keyObject>2E3CF7A9-361E-CAEB-9A97-A3C6F4740D12</keyObject>
<referredKeyID>2E3CF7A9-361E-CAEB-9A97-A3C6F4740D12</referredKeyID>
<mandatory>true</mandatory>
<transferable>true</transferable>
<rely>false</rely>
<columnDependencyConstraintGenerateInDDL>true</columnDependencyConstraintGenerateInDDL>
</FKIndexAssociation>