<?xml version = '1.0' encoding = 'UTF-8'?>
<FKIndexAssociation class="oracle.dbtools.crest.model.design.relational.FKIndexAssociation" directorySegmentName="seg_0" id="E1925567-F6CF-489B-F6E0-2479B0329B66" containerWithKeyObject="3826744E-9027-A59A-800C-39D9082ECF66" localFKIndex="D35D296D-DAC2-1445-CB12-5CBF9E9895E6" name="TBL_MAESTROS_TBL_EMPLEADOS_FK">
<createdBy>ErickVladimir</createdBy>
<createdTime>2017-02-06 19:20:18 UTC</createdTime>
<ownerDesignName>bd_unah</ownerDesignName>
<deleteRule>NO ACTION</deleteRule>
<referredTableID>57596495-6C6B-1CF1-16E2-23C91EE74784</referredTableID>
<keyObject>201F5A84-93DB-3E9D-04D6-FC76DB8AF6B5</keyObject>
<referredKeyID>201F5A84-93DB-3E9D-04D6-FC76DB8AF6B5</referredKeyID>
<mandatory>true</mandatory>
<transferable>true</transferable>
<rely>false</rely>
<columnDependencyConstraintGenerateInDDL>true</columnDependencyConstraintGenerateInDDL>
</FKIndexAssociation>