<?xml version = '1.0' encoding = 'UTF-8'?>
<FKIndexAssociation class="oracle.dbtools.crest.model.design.relational.FKIndexAssociation" directorySegmentName="seg_0" id="165A75EC-4F5B-CE41-6C53-0A9FCF5F926D" containerWithKeyObject="27BF51A5-96C3-0045-E87E-5F3CBF6AA42E" localFKIndex="BD08F6D9-92B3-891D-D82F-9C3E95ADE6AF" name="AUTORES_X_LIBRO_LIBROS_FK">
<createdBy>Erick Marín</createdBy>
<createdTime>2016-03-18 03:16:34 UTC</createdTime>
<ownerDesignName>PlayStore</ownerDesignName>
<deleteRule>NO ACTION</deleteRule>
<referredTableID>D12906FA-4EFA-0337-E5B4-4263EB1D5EB4</referredTableID>
<keyObject>81164574-64D5-95E1-F0FF-69DD7AED4443</keyObject>
<referredKeyID>81164574-64D5-95E1-F0FF-69DD7AED4443</referredKeyID>
<mandatory>true</mandatory>
<transferable>true</transferable>
<rely>false</rely>
<columnDependencyConstraintGenerateInDDL>true</columnDependencyConstraintGenerateInDDL>
</FKIndexAssociation>