<?xml version = '1.0' encoding = 'UTF-8'?>
<FKIndexAssociation class="oracle.dbtools.crest.model.design.relational.FKIndexAssociation" directorySegmentName="seg_0" id="3A1F13FC-EF67-4265-8905-96D49D26266C" containerWithKeyObject="1E76D0EF-42FC-7930-26CE-6FD35EC0155F" localFKIndex="57CB4114-A118-556B-11DE-C2822034BCAD" name="ARTIS_X_N_ART_FK">
<createdBy>Erick Marín</createdBy>
<createdTime>2016-03-18 03:40:28 UTC</createdTime>
<ownerDesignName>PlayStore</ownerDesignName>
<deleteRule>NO ACTION</deleteRule>
<referredTableID>321A1E29-432F-BB28-B7AB-11A92EBFDA8D</referredTableID>
<keyObject>4F582EA4-D495-5E7D-D191-6CFB0E3A9328</keyObject>
<referredKeyID>4F582EA4-D495-5E7D-D191-6CFB0E3A9328</referredKeyID>
<mandatory>true</mandatory>
<transferable>true</transferable>
<rely>false</rely>
<columnDependencyConstraintGenerateInDDL>true</columnDependencyConstraintGenerateInDDL>
</FKIndexAssociation>