<?xml version = '1.0' encoding = 'UTF-8'?>
<FKIndexAssociation class="oracle.dbtools.crest.model.design.relational.FKIndexAssociation" directorySegmentName="seg_0" id="7BC23C92-FB6C-3210-444C-00E4BB38E965" containerWithKeyObject="27BF51A5-96C3-0045-E87E-5F3CBF6AA42E" localFKIndex="B36CA891-8AA3-5027-CABE-32286E4201B4" name="AUTORES_X_LIBRO_RES_FK">
<createdBy>Erick Marín</createdBy>
<createdTime>2016-03-18 03:16:46 UTC</createdTime>
<ownerDesignName>PlayStore</ownerDesignName>
<deleteRule>NO ACTION</deleteRule>
<referredTableID>B22154C1-9FAE-847B-B83D-3BBAAD67BCB4</referredTableID>
<keyObject>93F156E4-4A62-9D9A-95F8-63B164D8EFDF</keyObject>
<referredKeyID>93F156E4-4A62-9D9A-95F8-63B164D8EFDF</referredKeyID>
<mandatory>true</mandatory>
<transferable>true</transferable>
<rely>false</rely>
<columnDependencyConstraintGenerateInDDL>true</columnDependencyConstraintGenerateInDDL>
</FKIndexAssociation>