<?xml version = '1.0' encoding = 'UTF-8'?>
<FKIndexAssociation class="oracle.dbtools.crest.model.design.relational.FKIndexAssociation" directorySegmentName="seg_0" id="83F72800-CBFC-C9B5-B259-4DDE94AA2176" containerWithKeyObject="DB229B02-48D4-F05C-E3D5-3D3E0FC3DB78" localFKIndex="E93C0897-BA43-B246-C66E-A458DF114E8D" name="CANCIONES_ALBUMES_FK">
<createdBy>Erick Marín</createdBy>
<createdTime>2016-03-18 03:39:32 UTC</createdTime>
<ownerDesignName>PlayStore</ownerDesignName>
<deleteRule>NO ACTION</deleteRule>
<referredTableID>09ED58DB-9B0A-2657-7129-1AC14E4ADA16</referredTableID>
<keyObject>0DC47719-6799-46FA-D2A8-F34CCDAF11CD</keyObject>
<referredKeyID>0DC47719-6799-46FA-D2A8-F34CCDAF11CD</referredKeyID>
<mandatory>true</mandatory>
<transferable>true</transferable>
<rely>false</rely>
<columnDependencyConstraintGenerateInDDL>true</columnDependencyConstraintGenerateInDDL>
</FKIndexAssociation>