<?xml version = '1.0' encoding = 'UTF-8'?>
<FKIndexAssociation class="oracle.dbtools.crest.model.design.relational.FKIndexAssociation" directorySegmentName="seg_0" id="8FF5AD2A-0F86-0494-A56D-AF56F2C0F8BA" containerWithKeyObject="4BA3F972-933D-7026-5F7E-3BD63AF7F483" localFKIndex="4AC98A06-49E0-0AD6-1C9B-04E71EC56F10" name="HIST_DESCA_USUARIOS_FK">
<createdBy>Erick Marín</createdBy>
<createdTime>2016-03-18 03:56:36 UTC</createdTime>
<ownerDesignName>PlayStore</ownerDesignName>
<deleteRule>NO ACTION</deleteRule>
<referredTableID>3E77A719-F80D-27BE-4CBE-1412678C3551</referredTableID>
<keyObject>1F75E432-13CD-5B76-6A27-95438DAF6D2E</keyObject>
<referredKeyID>1F75E432-13CD-5B76-6A27-95438DAF6D2E</referredKeyID>
<mandatory>true</mandatory>
<transferable>true</transferable>
<rely>false</rely>
<columnDependencyConstraintGenerateInDDL>true</columnDependencyConstraintGenerateInDDL>
</FKIndexAssociation>