<?xml version = '1.0' encoding = 'UTF-8'?>
<FKIndexAssociation class="oracle.dbtools.crest.model.design.relational.FKIndexAssociation" directorySegmentName="seg_0" id="BE23A553-1656-AEE5-A23A-B64233E7A5A0" containerWithKeyObject="D12906FA-4EFA-0337-E5B4-4263EB1D5EB4" localFKIndex="84A5E21D-8112-5E09-8092-D2F588D55897" name="LIBROS_EDITO_FK">
<createdBy>Erick Marín</createdBy>
<createdTime>2016-03-18 03:22:00 UTC</createdTime>
<ownerDesignName>PlayStore</ownerDesignName>
<deleteRule>NO ACTION</deleteRule>
<referredTableID>1661CCBD-92C8-215A-B065-FD2C78AF41E9</referredTableID>
<keyObject>F83BF1C7-A208-4239-A24E-283C9312780D</keyObject>
<referredKeyID>F83BF1C7-A208-4239-A24E-283C9312780D</referredKeyID>
<mandatory>true</mandatory>
<transferable>true</transferable>
<rely>false</rely>
<columnDependencyConstraintGenerateInDDL>true</columnDependencyConstraintGenerateInDDL>
</FKIndexAssociation>