<?xml version = '1.0' encoding = 'UTF-8'?>
<FKIndexAssociation class="oracle.dbtools.crest.model.design.relational.FKIndexAssociation" directorySegmentName="seg_0" id="BF933F24-9BCF-403D-B6C6-3AF23EAABE7C" containerWithKeyObject="31B3B6F3-D49A-2F20-D49C-33D272C3D9CB" localFKIndex="7183D8FF-B75C-0FE3-7D5A-961953FB0F25" name="CALIFIC_USUARIOS_FK">
<createdBy>Erick Marín</createdBy>
<createdTime>2016-03-18 03:32:01 UTC</createdTime>
<ownerDesignName>PlayStore</ownerDesignName>
<deleteRule>NO ACTION</deleteRule>
<referredTableID>3E77A719-F80D-27BE-4CBE-1412678C3551</referredTableID>
<keyObject>1F75E432-13CD-5B76-6A27-95438DAF6D2E</keyObject>
<referredKeyID>1F75E432-13CD-5B76-6A27-95438DAF6D2E</referredKeyID>
<mandatory>true</mandatory>
<transferable>true</transferable>
<rely>false</rely>
<columnDependencyConstraintGenerateInDDL>true</columnDependencyConstraintGenerateInDDL>
</FKIndexAssociation>