<?xml version = '1.0' encoding = 'UTF-8'?>
<FKIndexAssociation class="oracle.dbtools.crest.model.design.relational.FKIndexAssociation" directorySegmentName="seg_0" id="EE7A1DCD-5915-82D7-C6DD-E15F6C0BE8C4" containerWithKeyObject="31B3B6F3-D49A-2F20-D49C-33D272C3D9CB" localFKIndex="99651A37-D5DB-2AC5-0C7F-C7E158EC0FFD" name="CALIFICL_PRODUCTOS_FK">
<createdBy>Erick Marín</createdBy>
<createdTime>2016-03-18 03:31:48 UTC</createdTime>
<ownerDesignName>PlayStore</ownerDesignName>
<deleteRule>NO ACTION</deleteRule>
<referredTableID>2C64F94A-F57A-9A21-215B-6484D46E2691</referredTableID>
<keyObject>4E70ABB9-DA7D-7F49-A71E-EDB74F5E34B7</keyObject>
<referredKeyID>4E70ABB9-DA7D-7F49-A71E-EDB74F5E34B7</referredKeyID>
<mandatory>true</mandatory>
<transferable>true</transferable>
<rely>false</rely>
<columnDependencyConstraintGenerateInDDL>true</columnDependencyConstraintGenerateInDDL>
</FKIndexAssociation>