<?xml version = '1.0' encoding = 'UTF-8'?>
<FKIndexAssociation class="oracle.dbtools.crest.model.design.relational.FKIndexAssociation" directorySegmentName="seg_0" id="F68FFE48-B6BD-1531-DD9E-71F0601CD0B6" containerWithKeyObject="4BA3F972-933D-7026-5F7E-3BD63AF7F483" localFKIndex="CD351818-B903-CB12-4A6A-BF9092E02B9B" name="HIST_DESC_EST_DESC_FK">
<createdBy>Erick Marín</createdBy>
<createdTime>2016-03-18 04:02:00 UTC</createdTime>
<ownerDesignName>PlayStore</ownerDesignName>
<deleteRule>NO ACTION</deleteRule>
<referredTableID>772E9123-2DF5-C2F1-238A-5150C195E15A</referredTableID>
<keyObject>B205C85D-902D-18BA-78A2-6C5A50E87BD2</keyObject>
<referredKeyID>B205C85D-902D-18BA-78A2-6C5A50E87BD2</referredKeyID>
<mandatory>true</mandatory>
<transferable>true</transferable>
<rely>false</rely>
<columnDependencyConstraintGenerateInDDL>true</columnDependencyConstraintGenerateInDDL>
</FKIndexAssociation>