<?xml version = '1.0' encoding = 'UTF-8'?>
<relationalModel class="oracle.dbtools.crest.model.design.relational.RelationalDesign" name="Relational_1" id="EB5910AD-E7AD-6338-8474-13C75923AFF0" mainViewID="67E5C5B0-7BBF-F35F-7C60-E166514A29E4">
<createdBy>Erick Marín</createdBy>
<createdTime>2016-02-03 17:20:50 UTC</createdTime>
<ownerDesignName>PlayStore</ownerDesignName>
<shouldBeOpen>false</shouldBeOpen>
<selectedRDBMSSite>32076570-2523-435C-2E92-BF29817DFF70</selectedRDBMSSite>
</relationalModel>