<?xml version = '1.0' encoding = 'UTF-8'?>
<Table class="oracle.dbtools.crest.model.design.relational.Table" directorySegmentName="seg_0" id="09ED58DB-9B0A-2657-7129-1AC14E4ADA16" name="TBL_ALBUMES">
<createdBy>Erick Marín</createdBy>
<createdTime>2016-03-18 03:38:47 UTC</createdTime>
<ownerDesignName>PlayStore</ownerDesignName>
<schemaObject>98088B60-01A7-4004-02DC-57B498AF5546</schemaObject>
<allowColumnReorder>false</allowColumnReorder>
<existDependencyGenerateInDDl>true</existDependencyGenerateInDDl>
<columns itemClass="oracle.dbtools.crest.model.design.relational.Column">
<Column name="CODIGO_ALBUM" id="0447CB4A-EF8C-7859-7814-E546CE01A411">
<createdBy>Erick Marín</createdBy>
<createdTime>2016-03-18 03:39:26 UTC</createdTime>
<ownerDesignName>PlayStore</ownerDesignName>
<useDomainConstraints>false</useDomainConstraints>
<use>1</use>
<logicalDatatype>LOGDT011</logicalDatatype>
<autoIncrementCycle>false</autoIncrementCycle>
</Column>
<Column name="NOMBRE_ALBUM" id="03B0F3BB-31CA-D37E-6093-AB37507FA286">
<createdBy>Erick Marín</createdBy>
<createdTime>2016-03-18 03:39:26 UTC</createdTime>
<ownerDesignName>PlayStore</ownerDesignName>
<useDomainConstraints>false</useDomainConstraints>
<use>1</use>
<logicalDatatype>A3A3C77D-0366-9768-FF89-1C25E56881C8</logicalDatatype>
<autoIncrementCycle>false</autoIncrementCycle>
</Column>
</columns>
<indexes itemClass="oracle.dbtools.crest.model.design.relational.Index">
<ind_PK_UK id="0DC47719-6799-46FA-D2A8-F34CCDAF11CD" name="TBL_ALBUMES_PK">
<createdBy>Erick Marín</createdBy>
<createdTime>2016-03-18 03:39:26 UTC</createdTime>
<ownerDesignName>PlayStore</ownerDesignName>
<pk>true</pk>
<indexState>Primary Constraint</indexState>
<isSurrogateKey>false</isSurrogateKey>
<indexColumnUsage>
<colUsage columnID="0447CB4A-EF8C-7859-7814-E546CE01A411"/>
</indexColumnUsage>
</ind_PK_UK>
</indexes>
</Table>