<?xml version = '1.0' encoding = 'UTF-8'?>
<Table class="oracle.dbtools.crest.model.design.relational.Table" directorySegmentName="seg_0" id="0FCC6A68-6E91-3B55-D25E-9D46016E3A5C" name="TBL_NICHOS">
<createdBy>Erick Marín</createdBy>
<createdTime>2016-02-04 17:25:25 UTC</createdTime>
<ownerDesignName>PlayStore</ownerDesignName>
<schemaObject>98088B60-01A7-4004-02DC-57B498AF5546</schemaObject>
<allowColumnReorder>false</allowColumnReorder>
<existDependencyGenerateInDDl>true</existDependencyGenerateInDDl>
<columns itemClass="oracle.dbtools.crest.model.design.relational.Column">
<Column name="CODIGO_NICHO" id="B4736A02-7F38-E3BA-ABC4-1B2FE4BE87AC">
<createdBy>Erick Marín</createdBy>
<createdTime>2016-02-04 17:26:18 UTC</createdTime>
<ownerDesignName>PlayStore</ownerDesignName>
<useDomainConstraints>false</useDomainConstraints>
<use>1</use>
<logicalDatatype>LOGDT011</logicalDatatype>
<autoIncrementCycle>false</autoIncrementCycle>
</Column>
<Column name="NOMBRE_NICHO" id="49949B98-58F8-868B-4185-B59FCD5375A6">
<createdBy>Erick Marín</createdBy>
<createdTime>2016-02-04 17:26:18 UTC</createdTime>
<ownerDesignName>PlayStore</ownerDesignName>
<useDomainConstraints>false</useDomainConstraints>
<use>1</use>
<logicalDatatype>A3A3C77D-0366-9768-FF89-1C25E56881C8</logicalDatatype>
<dataTypeSize>200</dataTypeSize>
<autoIncrementCycle>false</autoIncrementCycle>
</Column>
<Column name="DESCRIPCION" id="253AE10C-857D-0E78-1D0B-C8946C7F0539">
<createdBy>Erick Marín</createdBy>
<createdTime>2016-02-04 17:26:18 UTC</createdTime>
<ownerDesignName>PlayStore</ownerDesignName>
<nullsAllowed>true</nullsAllowed>
<useDomainConstraints>false</useDomainConstraints>
<use>1</use>
<logicalDatatype>A3A3C77D-0366-9768-FF89-1C25E56881C8</logicalDatatype>
<dataTypeSize>1000</dataTypeSize>
<autoIncrementCycle>false</autoIncrementCycle>
</Column>
</columns>
<indexes itemClass="oracle.dbtools.crest.model.design.relational.Index">
<ind_PK_UK id="BE1B6F29-04AF-3242-37CE-2B61A9E5D72F" name="TBL_NICHOS_PK">
<createdBy>Erick Marín</createdBy>
<createdTime>2016-02-04 17:26:18 UTC</createdTime>
<ownerDesignName>PlayStore</ownerDesignName>
<pk>true</pk>
<indexState>Primary Constraint</indexState>
<isSurrogateKey>false</isSurrogateKey>
<indexColumnUsage>
<colUsage columnID="B4736A02-7F38-E3BA-ABC4-1B2FE4BE87AC"/>
</indexColumnUsage>
</ind_PK_UK>
</indexes>
</Table>