<?xml version = '1.0' encoding = 'UTF-8'?>
<Table class="oracle.dbtools.crest.model.design.relational.Table" directorySegmentName="seg_0" id="1661CCBD-92C8-215A-B065-FD2C78AF41E9" name="TBL_EDITORIAL">
<createdBy>Erick Marín</createdBy>
<createdTime>2016-03-18 03:19:08 UTC</createdTime>
<ownerDesignName>PlayStore</ownerDesignName>
<schemaObject>98088B60-01A7-4004-02DC-57B498AF5546</schemaObject>
<allowColumnReorder>false</allowColumnReorder>
<existDependencyGenerateInDDl>true</existDependencyGenerateInDDl>
<columns itemClass="oracle.dbtools.crest.model.design.relational.Column">
<Column name="CODIGO_EDITORIAL" id="BBCBA8AA-C254-882E-52A7-E9B8C87DFAE2">
<createdBy>Erick Marín</createdBy>
<createdTime>2016-03-18 03:19:39 UTC</createdTime>
<ownerDesignName>PlayStore</ownerDesignName>
<useDomainConstraints>false</useDomainConstraints>
<use>1</use>
<logicalDatatype>LOGDT011</logicalDatatype>
<autoIncrementCycle>false</autoIncrementCycle>
</Column>
<Column name="NOMBRE_EDITORIAL" id="1655FB12-DA95-5874-13ED-1570872EF7FE">
<createdBy>Erick Marín</createdBy>
<createdTime>2016-03-18 03:19:39 UTC</createdTime>
<ownerDesignName>PlayStore</ownerDesignName>
<nullsAllowed>true</nullsAllowed>
<useDomainConstraints>false</useDomainConstraints>
<use>1</use>
<logicalDatatype>A3A3C77D-0366-9768-FF89-1C25E56881C8</logicalDatatype>
<dataTypeSize>400</dataTypeSize>
<autoIncrementCycle>false</autoIncrementCycle>
</Column>
</columns>
<indexes itemClass="oracle.dbtools.crest.model.design.relational.Index">
<ind_PK_UK id="F83BF1C7-A208-4239-A24E-283C9312780D" name="TBL_EDITORIAL_PK">
<createdBy>Erick Marín</createdBy>
<createdTime>2016-03-18 03:19:39 UTC</createdTime>
<ownerDesignName>PlayStore</ownerDesignName>
<pk>true</pk>
<indexState>Primary Constraint</indexState>
<isSurrogateKey>false</isSurrogateKey>
<indexColumnUsage>
<colUsage columnID="BBCBA8AA-C254-882E-52A7-E9B8C87DFAE2"/>
</indexColumnUsage>
</ind_PK_UK>
</indexes>
</Table>