<?xml version = '1.0' encoding = 'UTF-8'?>
<Table class="oracle.dbtools.crest.model.design.relational.Table" directorySegmentName="seg_0" id="1A0F4B46-677E-F578-821F-1CAD18A5C3B4" name="TBL_DESARROLLADORES">
<createdBy>Erick Marín</createdBy>
<createdTime>2016-03-18 03:24:09 UTC</createdTime>
<ownerDesignName>PlayStore</ownerDesignName>
<schemaObject>98088B60-01A7-4004-02DC-57B498AF5546</schemaObject>
<allowColumnReorder>false</allowColumnReorder>
<existDependencyGenerateInDDl>true</existDependencyGenerateInDDl>
<columns itemClass="oracle.dbtools.crest.model.design.relational.Column">
<Column name="CODIGO_DESARROLLADOR" id="B5909F4F-77D6-1E82-8614-7F82F1185AA2">
<createdBy>Erick Marín</createdBy>
<createdTime>2016-03-18 03:25:36 UTC</createdTime>
<ownerDesignName>PlayStore</ownerDesignName>
<useDomainConstraints>false</useDomainConstraints>
<use>1</use>
<logicalDatatype>LOGDT011</logicalDatatype>
<autoIncrementCycle>false</autoIncrementCycle>
</Column>
<Column name="NOMBRE_DESARROLLADOR" id="0FEC6DB2-8708-3877-DFF2-F18D6044F7D6">
<createdBy>Erick Marín</createdBy>
<createdTime>2016-03-18 03:25:36 UTC</createdTime>
<ownerDesignName>PlayStore</ownerDesignName>
<useDomainConstraints>false</useDomainConstraints>
<use>1</use>
<logicalDatatype>A3A3C77D-0366-9768-FF89-1C25E56881C8</logicalDatatype>
<dataTypeSize>500</dataTypeSize>
<autoIncrementCycle>false</autoIncrementCycle>
</Column>
<Column name="FECHA_NACIMIENTO" id="66BA6CAE-AAB6-0FAD-1704-B46A27E1CFDE">
<createdBy>Erick Marín</createdBy>
<createdTime>2016-03-18 03:25:36 UTC</createdTime>
<ownerDesignName>PlayStore</ownerDesignName>
<nullsAllowed>true</nullsAllowed>
<useDomainConstraints>false</useDomainConstraints>
<use>1</use>
<logicalDatatype>LOGDT007</logicalDatatype>
<autoIncrementCycle>false</autoIncrementCycle>
</Column>
<Column name="CORREO_ELECTRONICO" id="B6B8DF25-4347-BF56-7AEA-E2F8689C6063">
<createdBy>Erick Marín</createdBy>
<createdTime>2016-03-18 03:25:36 UTC</createdTime>
<ownerDesignName>PlayStore</ownerDesignName>
<nullsAllowed>true</nullsAllowed>
<useDomainConstraints>false</useDomainConstraints>
<use>1</use>
<logicalDatatype>A3A3C77D-0366-9768-FF89-1C25E56881C8</logicalDatatype>
<dataTypeSize>200</dataTypeSize>
<autoIncrementCycle>false</autoIncrementCycle>
</Column>
</columns>
<indexes itemClass="oracle.dbtools.crest.model.design.relational.Index">
<ind_PK_UK id="9156A2D3-2930-B8FD-0DD1-0EEBDE57746F" name="TBL_DESARROLLADORES_PK">
<createdBy>Erick Marín</createdBy>
<createdTime>2016-03-18 03:25:47 UTC</createdTime>
<ownerDesignName>PlayStore</ownerDesignName>
<pk>true</pk>
<indexState>Primary Constraint</indexState>
<isSurrogateKey>false</isSurrogateKey>
<indexColumnUsage>
<colUsage columnID="B5909F4F-77D6-1E82-8614-7F82F1185AA2"/>
</indexColumnUsage>
</ind_PK_UK>
</indexes>
</Table>