<?xml version = '1.0' encoding = 'UTF-8'?>
<Table class="oracle.dbtools.crest.model.design.relational.Table" directorySegmentName="seg_0" id="1E76D0EF-42FC-7930-26CE-6FD35EC0155F" name="TBL_ARTISTA_X_CANCION">
<createdBy>Erick Marín</createdBy>
<createdTime>2016-03-18 03:39:45 UTC</createdTime>
<ownerDesignName>PlayStore</ownerDesignName>
<schemaObject>98088B60-01A7-4004-02DC-57B498AF5546</schemaObject>
<allowColumnReorder>false</allowColumnReorder>
<existDependencyGenerateInDDl>true</existDependencyGenerateInDDl>
<columns itemClass="oracle.dbtools.crest.model.design.relational.Column">
<Column name="CODIGO_PRODUCTO" id="E2C9752A-9A4C-C36C-D908-8E53A62892F8">
<createdBy>Erick Marín</createdBy>
<createdTime>2016-03-18 03:40:08 UTC</createdTime>
<ownerDesignName>PlayStore</ownerDesignName>
<useDomainConstraints>false</useDomainConstraints>
<use>1</use>
<logicalDatatype>LOGDT011</logicalDatatype>
<previousColumn>false</previousColumn>
<autoIncrementCycle>false</autoIncrementCycle>
<associations>
<colAssociation fkAssociation="0C221ACF-FC94-3777-4A03-24CEB4A01037" referredColumn="8A1CDBBD-5C74-12F5-523D-F00F5057EFF5"/>
</associations>
</Column>
<Column name="CODIGO_ARTISTA" id="5981AA99-FB4D-5252-4372-C2CAB29364C0">
<createdBy>Erick Marín</createdBy>
<createdTime>2016-03-18 03:40:28 UTC</createdTime>
<ownerDesignName>PlayStore</ownerDesignName>
<useDomainConstraints>false</useDomainConstraints>
<use>1</use>
<logicalDatatype>LOGDT011</logicalDatatype>
<previousColumn>false</previousColumn>
<autoIncrementCycle>false</autoIncrementCycle>
<associations>
<colAssociation fkAssociation="3A1F13FC-EF67-4265-8905-96D49D26266C" referredColumn="20DDB357-8B9A-1A2F-556E-7254D50DF041"/>
</associations>
</Column>
</columns>
<indexes itemClass="oracle.dbtools.crest.model.design.relational.Index">
<ind_PK_UK id="D64218EE-9FC0-879B-36C8-757721E139C7" name="TBL_ARTISTA_X_CANCION_PK">
<createdBy>Erick Marín</createdBy>
<createdTime>2016-03-18 03:41:11 UTC</createdTime>
<ownerDesignName>PlayStore</ownerDesignName>
<pk>true</pk>
<indexState>Primary Constraint</indexState>
<isSurrogateKey>false</isSurrogateKey>
<indexColumnUsage>
<colUsage columnID="5981AA99-FB4D-5252-4372-C2CAB29364C0"/>
<colUsage columnID="E2C9752A-9A4C-C36C-D908-8E53A62892F8"/>
</indexColumnUsage>
</ind_PK_UK>
<ind_PK_UK id="36F90138-524D-7D9F-1F3A-CB37178D304C" name="ARTI_CANCION_CANCI_FK">
<createdBy>Erick Marín</createdBy>
<createdTime>2016-03-18 03:40:08 UTC</createdTime>
<ownerDesignName>PlayStore</ownerDesignName>
<indexState>Foreign Key</indexState>
<isSurrogateKey>false</isSurrogateKey>
<indexColumnUsage>
<colUsage columnID="E2C9752A-9A4C-C36C-D908-8E53A62892F8"/>
</indexColumnUsage>
</ind_PK_UK>
<ind_PK_UK id="57CB4114-A118-556B-11DE-C2822034BCAD" name="ARTIS_X_N_ART_FK">
<createdBy>Erick Marín</createdBy>
<createdTime>2016-03-18 03:40:28 UTC</createdTime>
<ownerDesignName>PlayStore</ownerDesignName>
<indexState>Foreign Key</indexState>
<isSurrogateKey>false</isSurrogateKey>
<indexColumnUsage>
<colUsage columnID="5981AA99-FB4D-5252-4372-C2CAB29364C0"/>
</indexColumnUsage>
</ind_PK_UK>
</indexes>
</Table>