<?xml version = '1.0' encoding = 'UTF-8'?>
<Table class="oracle.dbtools.crest.model.design.relational.Table" directorySegmentName="seg_0" id="2536AF86-C9F1-6C52-0E73-B7EC13B4A976" name="TBL_IDIOMAS">
<createdBy>Erick Marín</createdBy>
<createdTime>2016-03-18 03:20:34 UTC</createdTime>
<ownerDesignName>PlayStore</ownerDesignName>
<schemaObject>98088B60-01A7-4004-02DC-57B498AF5546</schemaObject>
<allowColumnReorder>false</allowColumnReorder>
<existDependencyGenerateInDDl>true</existDependencyGenerateInDDl>
<columns itemClass="oracle.dbtools.crest.model.design.relational.Column">
<Column name="CODIGO_IDIOMA" id="19E07AB5-7326-0469-5044-6477A276DF82">
<createdBy>Erick Marín</createdBy>
<createdTime>2016-03-18 03:21:14 UTC</createdTime>
<ownerDesignName>PlayStore</ownerDesignName>
<useDomainConstraints>false</useDomainConstraints>
<use>1</use>
<logicalDatatype>LOGDT011</logicalDatatype>
<autoIncrementCycle>false</autoIncrementCycle>
</Column>
<Column name="NOMBRE_IDIOMA" id="4E5683D7-FA7B-0A89-DB84-07A6F9D83C3F">
<createdBy>Erick Marín</createdBy>
<createdTime>2016-03-18 03:21:14 UTC</createdTime>
<ownerDesignName>PlayStore</ownerDesignName>
<useDomainConstraints>false</useDomainConstraints>
<use>1</use>
<logicalDatatype>A3A3C77D-0366-9768-FF89-1C25E56881C8</logicalDatatype>
<dataTypeSize>200</dataTypeSize>
<autoIncrementCycle>false</autoIncrementCycle>
</Column>
</columns>
<indexes itemClass="oracle.dbtools.crest.model.design.relational.Index">
<ind_PK_UK id="BFE37CB8-D49A-DB83-F97C-1C648CBB67A0" name="TBL_IDIOMAS_PK">
<createdBy>Erick Marín</createdBy>
<createdTime>2016-03-18 03:21:14 UTC</createdTime>
<ownerDesignName>PlayStore</ownerDesignName>
<pk>true</pk>
<indexState>Primary Constraint</indexState>
<isSurrogateKey>false</isSurrogateKey>
<indexColumnUsage>
<colUsage columnID="19E07AB5-7326-0469-5044-6477A276DF82"/>
</indexColumnUsage>
</ind_PK_UK>
</indexes>
</Table>