<?xml version = '1.0' encoding = 'UTF-8'?>
<Table class="oracle.dbtools.crest.model.design.relational.Table" directorySegmentName="seg_0" id="2CA2D079-E8C3-9C16-4724-8B0EA7B6F3CF" name="TBL_NICHOS_X_PRODUCTO">
<createdBy>Erick Marín</createdBy>
<createdTime>2016-02-04 17:27:18 UTC</createdTime>
<ownerDesignName>PlayStore</ownerDesignName>
<schemaObject>98088B60-01A7-4004-02DC-57B498AF5546</schemaObject>
<allowColumnReorder>false</allowColumnReorder>
<existDependencyGenerateInDDl>true</existDependencyGenerateInDDl>
<columns itemClass="oracle.dbtools.crest.model.design.relational.Column">
<Column name="CODIGO_PRODUCTO" id="F8BBDC79-8E51-1A91-7DBC-82871DAA474D">
<createdBy>Erick Marín</createdBy>
<createdTime>2016-02-04 17:28:32 UTC</createdTime>
<ownerDesignName>PlayStore</ownerDesignName>
<useDomainConstraints>false</useDomainConstraints>
<use>1</use>
<logicalDatatype>LOGDT011</logicalDatatype>
<previousColumn>false</previousColumn>
<autoIncrementCycle>false</autoIncrementCycle>
<associations>
<colAssociation fkAssociation="EDB15789-09FA-ACE4-C1D6-A64C9F740C3E" referredColumn="CA31A3E4-0DED-708A-022A-78DF91A40B29"/>
</associations>
</Column>
<Column name="CODIGO_NICHO" id="297DD1FB-B028-EF3F-89F9-536C733F3E41">
<createdBy>Erick Marín</createdBy>
<createdTime>2016-02-04 17:29:08 UTC</createdTime>
<ownerDesignName>PlayStore</ownerDesignName>
<useDomainConstraints>false</useDomainConstraints>
<use>1</use>
<logicalDatatype>LOGDT011</logicalDatatype>
<previousColumn>false</previousColumn>
<autoIncrementCycle>false</autoIncrementCycle>
<associations>
<colAssociation fkAssociation="BCD504CF-8B25-6EF7-E746-1ED4D045C234" referredColumn="B4736A02-7F38-E3BA-ABC4-1B2FE4BE87AC"/>
</associations>
</Column>
</columns>
<indexes itemClass="oracle.dbtools.crest.model.design.relational.Index">
<ind_PK_UK id="4E1A0B08-6E2C-3647-9AF6-CA3AA495F663" name="TBL_NICHOS_X_PRODUCTO_PK">
<createdBy>Erick Marín</createdBy>
<createdTime>2016-02-04 17:30:14 UTC</createdTime>
<ownerDesignName>PlayStore</ownerDesignName>
<pk>true</pk>
<indexState>Primary Constraint</indexState>
<isSurrogateKey>false</isSurrogateKey>
<indexColumnUsage>
<colUsage columnID="F8BBDC79-8E51-1A91-7DBC-82871DAA474D"/>
<colUsage columnID="297DD1FB-B028-EF3F-89F9-536C733F3E41"/>
</indexColumnUsage>
</ind_PK_UK>
<ind_PK_UK id="E510D71A-19BA-45AB-8DEA-41660014F7C8" name="NICHOS_X_PRODUCTO_PRODUCTOS_FK">
<createdBy>Erick Marín</createdBy>
<createdTime>2016-02-04 17:28:32 UTC</createdTime>
<ownerDesignName>PlayStore</ownerDesignName>
<indexState>Foreign Key</indexState>
<isSurrogateKey>false</isSurrogateKey>
<indexColumnUsage>
<colUsage columnID="F8BBDC79-8E51-1A91-7DBC-82871DAA474D"/>
</indexColumnUsage>
</ind_PK_UK>
<ind_PK_UK id="FDF1DD75-987E-780D-50CC-9360A1837A9D" name="NICHOS_X_PRODUCTO_NICHOS_FK">
<createdBy>Erick Marín</createdBy>
<createdTime>2016-02-04 17:29:08 UTC</createdTime>
<ownerDesignName>PlayStore</ownerDesignName>
<indexState>Foreign Key</indexState>
<isSurrogateKey>false</isSurrogateKey>
<indexColumnUsage>
<colUsage columnID="297DD1FB-B028-EF3F-89F9-536C733F3E41"/>
</indexColumnUsage>
</ind_PK_UK>
</indexes>
</Table>