<?xml version = '1.0' encoding = 'UTF-8'?>
<Table class="oracle.dbtools.crest.model.design.relational.Table" directorySegmentName="seg_0" id="3E77A719-F80D-27BE-4CBE-1412678C3551" name="TBL_USUARIOS">
<createdBy>Erick Marín</createdBy>
<createdTime>2016-03-18 03:26:28 UTC</createdTime>
<ownerDesignName>PlayStore</ownerDesignName>
<schemaObject>98088B60-01A7-4004-02DC-57B498AF5546</schemaObject>
<allowColumnReorder>false</allowColumnReorder>
<existDependencyGenerateInDDl>true</existDependencyGenerateInDDl>
<columns itemClass="oracle.dbtools.crest.model.design.relational.Column">
<Column name="CODIGO_USUARIO" id="026B3F23-189B-193F-FC76-D41A23638F28">
<createdBy>Erick Marín</createdBy>
<createdTime>2016-03-18 03:29:06 UTC</createdTime>
<ownerDesignName>PlayStore</ownerDesignName>
<useDomainConstraints>false</useDomainConstraints>
<use>1</use>
<logicalDatatype>LOGDT011</logicalDatatype>
<autoIncrementCycle>false</autoIncrementCycle>
</Column>
<Column name="NOMBRE" id="DF7E7465-2978-C8FD-8430-701100415AA4">
<createdBy>Erick Marín</createdBy>
<createdTime>2016-03-18 03:29:06 UTC</createdTime>
<ownerDesignName>PlayStore</ownerDesignName>
<useDomainConstraints>false</useDomainConstraints>
<use>1</use>
<logicalDatatype>A3A3C77D-0366-9768-FF89-1C25E56881C8</logicalDatatype>
<dataTypeSize>400</dataTypeSize>
<autoIncrementCycle>false</autoIncrementCycle>
</Column>
<Column name="GENERO" id="17B01F0E-4D83-A216-AF5C-DBE48B5513EE">
<createdBy>Erick Marín</createdBy>
<createdTime>2016-03-18 03:29:06 UTC</createdTime>
<ownerDesignName>PlayStore</ownerDesignName>
<useDomainConstraints>false</useDomainConstraints>
<use>1</use>
<logicalDatatype>A3A3C77D-0366-9768-FF89-1C25E56881C8</logicalDatatype>
<dataTypeSize>1</dataTypeSize>
<autoIncrementCycle>false</autoIncrementCycle>
</Column>
<Column name="CORREO_ELECTRONICO" id="9AEA55D7-076F-8F36-4789-811B6AEB4098">
<createdBy>Erick Marín</createdBy>
<createdTime>2016-03-18 03:29:06 UTC</createdTime>
<ownerDesignName>PlayStore</ownerDesignName>
<nullsAllowed>true</nullsAllowed>
<useDomainConstraints>false</useDomainConstraints>
<use>1</use>
<logicalDatatype>A3A3C77D-0366-9768-FF89-1C25E56881C8</logicalDatatype>
<dataTypeSize>200</dataTypeSize>
<autoIncrementCycle>false</autoIncrementCycle>
</Column>
<Column name="FOTOGRAFIA" id="D5230D9A-B9FD-4EB3-CC6D-B83BA152119D">
<createdBy>Erick Marín</createdBy>
<createdTime>2016-03-18 03:29:06 UTC</createdTime>
<ownerDesignName>PlayStore</ownerDesignName>
<nullsAllowed>true</nullsAllowed>
<useDomainConstraints>false</useDomainConstraints>
<use>1</use>
<logicalDatatype>LOGDT029</logicalDatatype>
<autoIncrementCycle>false</autoIncrementCycle>
</Column>
<Column name="FECHA_NACIMIENTO" id="0367DB11-88DF-290A-E3FF-577593F2AE9F">
<createdBy>Erick Marín</createdBy>
<createdTime>2016-03-18 03:29:06 UTC</createdTime>
<ownerDesignName>PlayStore</ownerDesignName>
<nullsAllowed>true</nullsAllowed>
<useDomainConstraints>false</useDomainConstraints>
<use>1</use>
<logicalDatatype>LOGDT007</logicalDatatype>
<autoIncrementCycle>false</autoIncrementCycle>
</Column>
<Column name="FECHA_REGISTRO" id="D3F45437-D3F3-5C7F-BC79-D27626A32C1E">
<createdBy>Erick Marín</createdBy>
<createdTime>2016-03-18 03:29:06 UTC</createdTime>
<ownerDesignName>PlayStore</ownerDesignName>
<nullsAllowed>true</nullsAllowed>
<useDomainConstraints>false</useDomainConstraints>
<use>1</use>
<logicalDatatype>LOGDT007</logicalDatatype>
<autoIncrementCycle>false</autoIncrementCycle>
</Column>
</columns>
<indexes itemClass="oracle.dbtools.crest.model.design.relational.Index">
<ind_PK_UK id="1F75E432-13CD-5B76-6A27-95438DAF6D2E" name="TBL_USUARIOS_PK">
<createdBy>Erick Marín</createdBy>
<createdTime>2016-03-18 03:29:06 UTC</createdTime>
<ownerDesignName>PlayStore</ownerDesignName>
<pk>true</pk>
<indexState>Primary Constraint</indexState>
<isSurrogateKey>false</isSurrogateKey>
<indexColumnUsage>
<colUsage columnID="026B3F23-189B-193F-FC76-D41A23638F28"/>
</indexColumnUsage>
</ind_PK_UK>
</indexes>
</Table>