<?xml version = '1.0' encoding = 'UTF-8'?>
<Table class="oracle.dbtools.crest.model.design.relational.Table" directorySegmentName="seg_0" id="5AE2AEE2-703C-AF1A-3C1D-81A2D9D08EC5" name="TBL_TIPOS_COSTOS">
<createdBy>Erick Marín</createdBy>
<createdTime>2016-02-04 17:16:48 UTC</createdTime>
<ownerDesignName>PlayStore</ownerDesignName>
<schemaObject>98088B60-01A7-4004-02DC-57B498AF5546</schemaObject>
<allowColumnReorder>false</allowColumnReorder>
<existDependencyGenerateInDDl>true</existDependencyGenerateInDDl>
<columns itemClass="oracle.dbtools.crest.model.design.relational.Column">
<Column name="CODIGO_TIPO_COSTO" id="BDE3C2B5-10F2-C5CB-5F51-D3080F846E36">
<createdBy>Erick Marín</createdBy>
<createdTime>2016-02-04 17:17:47 UTC</createdTime>
<ownerDesignName>PlayStore</ownerDesignName>
<useDomainConstraints>false</useDomainConstraints>
<use>1</use>
<logicalDatatype>LOGDT011</logicalDatatype>
<autoIncrementCycle>false</autoIncrementCycle>
</Column>
<Column name="TIPO_COSTO" id="9854F99E-86FB-41C0-EA09-450F7E07113D">
<createdBy>Erick Marín</createdBy>
<createdTime>2016-02-04 17:17:47 UTC</createdTime>
<ownerDesignName>PlayStore</ownerDesignName>
<useDomainConstraints>false</useDomainConstraints>
<use>1</use>
<logicalDatatype>A3A3C77D-0366-9768-FF89-1C25E56881C8</logicalDatatype>
<dataTypeSize>200</dataTypeSize>
<autoIncrementCycle>false</autoIncrementCycle>
</Column>
</columns>
<indexes itemClass="oracle.dbtools.crest.model.design.relational.Index">
<ind_PK_UK id="5A1F381A-E881-2A72-8BCE-B6D639258BE4" name="TBL_TIPOS_COSTOS_PK">
<createdBy>Erick Marín</createdBy>
<createdTime>2016-02-04 17:17:47 UTC</createdTime>
<ownerDesignName>PlayStore</ownerDesignName>
<pk>true</pk>
<indexState>Primary Constraint</indexState>
<isSurrogateKey>false</isSurrogateKey>
<indexColumnUsage>
<colUsage columnID="BDE3C2B5-10F2-C5CB-5F51-D3080F846E36"/>
</indexColumnUsage>
</ind_PK_UK>
</indexes>
</Table>