<?xml version = '1.0' encoding = 'UTF-8'?>
<Table class="oracle.dbtools.crest.model.design.relational.Table" directorySegmentName="seg_0" id="772E9123-2DF5-C2F1-238A-5150C195E15A" name="TBL_ESTATUS_DESCARGA">
<createdBy>Erick Marín</createdBy>
<createdTime>2016-03-18 04:01:23 UTC</createdTime>
<ownerDesignName>PlayStore</ownerDesignName>
<schemaObject>98088B60-01A7-4004-02DC-57B498AF5546</schemaObject>
<allowColumnReorder>false</allowColumnReorder>
<existDependencyGenerateInDDl>true</existDependencyGenerateInDDl>
<columns itemClass="oracle.dbtools.crest.model.design.relational.Column">
<Column name="CODIGO_ESTATUS" id="397FF038-AFBC-967E-FCD1-C248B0388F95">
<createdBy>Erick Marín</createdBy>
<createdTime>2016-03-18 04:01:56 UTC</createdTime>
<ownerDesignName>PlayStore</ownerDesignName>
<useDomainConstraints>false</useDomainConstraints>
<use>1</use>
<logicalDatatype>LOGDT011</logicalDatatype>
<autoIncrementCycle>false</autoIncrementCycle>
</Column>
<Column name="NOMBRE_ESTATUS" id="0BD6CBD4-504E-8892-3D36-CAB856FEB0B6">
<createdBy>Erick Marín</createdBy>
<createdTime>2016-03-18 04:01:56 UTC</createdTime>
<ownerDesignName>PlayStore</ownerDesignName>
<nullsAllowed>true</nullsAllowed>
<useDomainConstraints>false</useDomainConstraints>
<use>1</use>
<logicalDatatype>A3A3C77D-0366-9768-FF89-1C25E56881C8</logicalDatatype>
<dataTypeSize>500</dataTypeSize>
<autoIncrementCycle>false</autoIncrementCycle>
</Column>
</columns>
<indexes itemClass="oracle.dbtools.crest.model.design.relational.Index">
<ind_PK_UK id="B205C85D-902D-18BA-78A2-6C5A50E87BD2" name="TBL_ESTATUS_DESCARGA_PK">
<createdBy>Erick Marín</createdBy>
<createdTime>2016-03-18 04:01:56 UTC</createdTime>
<ownerDesignName>PlayStore</ownerDesignName>
<pk>true</pk>
<indexState>Primary Constraint</indexState>
<isSurrogateKey>false</isSurrogateKey>
<indexColumnUsage>
<colUsage columnID="397FF038-AFBC-967E-FCD1-C248B0388F95"/>
</indexColumnUsage>
</ind_PK_UK>
</indexes>
</Table>