<?xml version = '1.0' encoding = 'UTF-8'?>
<Table class="oracle.dbtools.crest.model.design.relational.Table" directorySegmentName="seg_0" id="80162A5E-2F90-B751-46E8-AD6AA0867F30" name="TBL_FORMATOS">
<createdBy>Erick Marín</createdBy>
<createdTime>2016-02-03 17:38:33 UTC</createdTime>
<ownerDesignName>PlayStore</ownerDesignName>
<schemaObject>98088B60-01A7-4004-02DC-57B498AF5546</schemaObject>
<allowColumnReorder>false</allowColumnReorder>
<existDependencyGenerateInDDl>true</existDependencyGenerateInDDl>
<columns itemClass="oracle.dbtools.crest.model.design.relational.Column">
<Column name="CODIGO_FORMATO" id="8F826B42-5F50-8A67-6312-0FD97F54C959">
<createdBy>Erick Marín</createdBy>
<createdTime>2016-02-03 17:41:48 UTC</createdTime>
<ownerDesignName>PlayStore</ownerDesignName>
<useDomainConstraints>false</useDomainConstraints>
<use>1</use>
<logicalDatatype>LOGDT011</logicalDatatype>
<autoIncrementCycle>false</autoIncrementCycle>
</Column>
<Column name="NOMBRE_FORMATO" id="BE2D7162-BC11-F480-B481-B51B7535BD45">
<createdBy>Erick Marín</createdBy>
<createdTime>2016-02-03 17:41:48 UTC</createdTime>
<ownerDesignName>PlayStore</ownerDesignName>
<useDomainConstraints>false</useDomainConstraints>
<use>1</use>
<logicalDatatype>LOGDT024</logicalDatatype>
<dataTypeSize>150</dataTypeSize>
<autoIncrementCycle>false</autoIncrementCycle>
</Column>
<Column name="EXTENSION" id="CCE0E583-C8CE-197A-5170-97B6BFEC84A3">
<createdBy>Erick Marín</createdBy>
<createdTime>2016-02-03 17:41:48 UTC</createdTime>
<ownerDesignName>PlayStore</ownerDesignName>
<useDomainConstraints>false</useDomainConstraints>
<use>1</use>
<logicalDatatype>LOGDT024</logicalDatatype>
<dataTypeSize>100</dataTypeSize>
<autoIncrementCycle>false</autoIncrementCycle>
</Column>
</columns>
<indexes itemClass="oracle.dbtools.crest.model.design.relational.Index">
<ind_PK_UK id="9FF630E1-C517-420A-8FA6-E9F87093C55A" name="TBL_FORMATOS_PK">
<createdBy>Erick Marín</createdBy>
<createdTime>2016-02-03 17:41:48 UTC</createdTime>
<ownerDesignName>PlayStore</ownerDesignName>
<pk>true</pk>
<indexState>Primary Constraint</indexState>
<isSurrogateKey>false</isSurrogateKey>
<indexColumnUsage>
<colUsage columnID="8F826B42-5F50-8A67-6312-0FD97F54C959"/>
</indexColumnUsage>
</ind_PK_UK>
</indexes>
</Table>