<?xml version = '1.0' encoding = 'UTF-8'?>
<Table class="oracle.dbtools.crest.model.design.relational.Table" directorySegmentName="seg_0" id="98F2D6CE-5B6D-9484-2F53-0839C6709D6C" name="TBL_GENERO_LITERARIO">
<createdBy>Erick Marín</createdBy>
<createdTime>2016-03-18 03:18:31 UTC</createdTime>
<ownerDesignName>PlayStore</ownerDesignName>
<schemaObject>98088B60-01A7-4004-02DC-57B498AF5546</schemaObject>
<allowColumnReorder>false</allowColumnReorder>
<existDependencyGenerateInDDl>true</existDependencyGenerateInDDl>
<columns itemClass="oracle.dbtools.crest.model.design.relational.Column">
<Column name="CODIGO_GENERO" id="5005530E-5F99-8258-7331-1F510276AE4D">
<createdBy>Erick Marín</createdBy>
<createdTime>2016-03-18 03:19:05 UTC</createdTime>
<ownerDesignName>PlayStore</ownerDesignName>
<useDomainConstraints>false</useDomainConstraints>
<use>1</use>
<logicalDatatype>LOGDT011</logicalDatatype>
<autoIncrementCycle>false</autoIncrementCycle>
</Column>
<Column name="NOMBRE_GENERO" id="F16EFA37-622B-D7B8-FF1C-575AA1068400">
<createdBy>Erick Marín</createdBy>
<createdTime>2016-03-18 03:19:05 UTC</createdTime>
<ownerDesignName>PlayStore</ownerDesignName>
<nullsAllowed>true</nullsAllowed>
<useDomainConstraints>false</useDomainConstraints>
<use>1</use>
<logicalDatatype>A3A3C77D-0366-9768-FF89-1C25E56881C8</logicalDatatype>
<dataTypeSize>200</dataTypeSize>
<autoIncrementCycle>false</autoIncrementCycle>
</Column>
</columns>
<indexes itemClass="oracle.dbtools.crest.model.design.relational.Index">
<ind_PK_UK id="B6C7B8C8-7211-E108-B7C3-992B1FBC2547" name="TBL_GENERO_LITERARIO_PK">
<createdBy>Erick Marín</createdBy>
<createdTime>2016-03-18 03:19:05 UTC</createdTime>
<ownerDesignName>PlayStore</ownerDesignName>
<pk>true</pk>
<indexState>Primary Constraint</indexState>
<isSurrogateKey>false</isSurrogateKey>
<indexColumnUsage>
<colUsage columnID="5005530E-5F99-8258-7331-1F510276AE4D"/>
</indexColumnUsage>
</ind_PK_UK>
</indexes>
</Table>