<?xml version = '1.0' encoding = 'UTF-8'?>
<Table class="oracle.dbtools.crest.model.design.relational.Table" directorySegmentName="seg_0" id="DB229B02-48D4-F05C-E3D5-3D3E0FC3DB78" name="TBL_CANCIONES">
<createdBy>Erick Marín</createdBy>
<createdTime>2016-03-18 03:35:52 UTC</createdTime>
<ownerDesignName>PlayStore</ownerDesignName>
<schemaObject>98088B60-01A7-4004-02DC-57B498AF5546</schemaObject>
<allowColumnReorder>false</allowColumnReorder>
<existDependencyGenerateInDDl>true</existDependencyGenerateInDDl>
<columns itemClass="oracle.dbtools.crest.model.design.relational.Column">
<Column name="CODIGO_PRODUCTO" id="8A1CDBBD-5C74-12F5-523D-F00F5057EFF5">
<createdBy>Erick Marín</createdBy>
<createdTime>2016-03-18 03:36:58 UTC</createdTime>
<ownerDesignName>PlayStore</ownerDesignName>
<useDomainConstraints>false</useDomainConstraints>
<use>1</use>
<logicalDatatype>LOGDT011</logicalDatatype>
<previousColumn>false</previousColumn>
<autoIncrementCycle>false</autoIncrementCycle>
<associations>
<colAssociation fkAssociation="321C006D-3623-3407-A988-6D75D58A33C1" referredColumn="CA31A3E4-0DED-708A-022A-78DF91A40B29"/>
</associations>
</Column>
<Column name="DURACION_SEGUNDOS" id="B8634274-7D21-01B4-E43B-A5CD9E88CAC1">
<createdBy>Erick Marín</createdBy>
<createdTime>2016-03-18 03:36:40 UTC</createdTime>
<ownerDesignName>PlayStore</ownerDesignName>
<useDomainConstraints>false</useDomainConstraints>
<use>1</use>
<logicalDatatype>LOGDT011</logicalDatatype>
<autoIncrementCycle>false</autoIncrementCycle>
</Column>
<Column name="CODIGO_ALBUM" id="A690260E-2CB7-0CA1-222B-D64F34397FF0">
<createdBy>Erick Marín</createdBy>
<createdTime>2016-03-18 03:39:32 UTC</createdTime>
<ownerDesignName>PlayStore</ownerDesignName>
<useDomainConstraints>false</useDomainConstraints>
<use>1</use>
<logicalDatatype>LOGDT011</logicalDatatype>
<previousColumn>false</previousColumn>
<autoIncrementCycle>false</autoIncrementCycle>
<associations>
<colAssociation fkAssociation="83F72800-CBFC-C9B5-B259-4DDE94AA2176" referredColumn="0447CB4A-EF8C-7859-7814-E546CE01A411"/>
</associations>
</Column>
</columns>
<indexes itemClass="oracle.dbtools.crest.model.design.relational.Index">
<ind_PK_UK id="A5C0E1CE-CC43-E9A8-3F0C-ED59BB4B2160" name="TBL_CANCIONES_PK">
<createdBy>Erick Marín</createdBy>
<createdTime>2016-03-18 03:37:17 UTC</createdTime>
<ownerDesignName>PlayStore</ownerDesignName>
<pk>true</pk>
<indexState>Primary Constraint</indexState>
<isSurrogateKey>false</isSurrogateKey>
<indexColumnUsage>
<colUsage columnID="8A1CDBBD-5C74-12F5-523D-F00F5057EFF5"/>
</indexColumnUsage>
</ind_PK_UK>
<ind_PK_UK id="512C0442-5A93-0AC0-187A-3A0A4B72E7EB" name="CANCIONES_PRODUCTOS_FK">
<createdBy>Erick Marín</createdBy>
<createdTime>2016-03-18 03:36:58 UTC</createdTime>
<ownerDesignName>PlayStore</ownerDesignName>
<indexState>Foreign Key</indexState>
<isSurrogateKey>false</isSurrogateKey>
<indexColumnUsage>
<colUsage columnID="8A1CDBBD-5C74-12F5-523D-F00F5057EFF5"/>
</indexColumnUsage>
</ind_PK_UK>
<ind_PK_UK id="E93C0897-BA43-B246-C66E-A458DF114E8D" name="CANCIONES_ALBUMES_FK">
<createdBy>Erick Marín</createdBy>
<createdTime>2016-03-18 03:39:32 UTC</createdTime>
<ownerDesignName>PlayStore</ownerDesignName>
<indexState>Foreign Key</indexState>
<isSurrogateKey>false</isSurrogateKey>
<indexColumnUsage>
<colUsage columnID="A690260E-2CB7-0CA1-222B-D64F34397FF0"/>
</indexColumnUsage>
</ind_PK_UK>
</indexes>
</Table>