<?xml version = '1.0' encoding = 'UTF-8'?>
<Table class="oracle.dbtools.crest.model.design.relational.Table" directorySegmentName="seg_0" id="1F1D6CA5-1DF7-B5D0-4C03-48C77CF73BD4" name="TBL_LISTAS_FAVORITAS">
<createdBy>Erick Marín</createdBy>
<createdTime>2016-08-08 17:38:50 UTC</createdTime>
<ownerDesignName>Youtube</ownerDesignName>
<allowColumnReorder>false</allowColumnReorder>
<existDependencyGenerateInDDl>true</existDependencyGenerateInDDl>
<columns itemClass="oracle.dbtools.crest.model.design.relational.Column">
<Column name="CODIGO_USUARIO" id="704E32ED-8347-CA9E-0B8C-B5FE3225CA4D">
<createdBy>Erick Marín</createdBy>
<createdTime>2016-08-08 17:39:16 UTC</createdTime>
<ownerDesignName>Youtube</ownerDesignName>
<useDomainConstraints>false</useDomainConstraints>
<use>1</use>
<logicalDatatype>LOGDT011</logicalDatatype>
<previousColumn>false</previousColumn>
<autoIncrementCycle>false</autoIncrementCycle>
<associations>
<colAssociation fkAssociation="64854530-FF19-A5B4-D7EE-640715027B83" referredColumn="84ED8063-FF90-AB1B-31FD-43041E07C864"/>
</associations>
</Column>
<Column name="CODIGO_LISTA_REPRODUCCION" id="43301422-6877-8BB5-69A3-5F4C085DCB79">
<createdBy>Erick Marín</createdBy>
<createdTime>2016-08-08 17:39:20 UTC</createdTime>
<ownerDesignName>Youtube</ownerDesignName>
<useDomainConstraints>false</useDomainConstraints>
<use>1</use>
<logicalDatatype>LOGDT011</logicalDatatype>
<previousColumn>false</previousColumn>
<autoIncrementCycle>false</autoIncrementCycle>
<associations>
<colAssociation fkAssociation="E959EA32-28F2-08C5-04B2-D49C35C02258" referredColumn="E9167CF2-919A-8123-D728-1E298BFE8192"/>
</associations>
</Column>
</columns>
<indexes itemClass="oracle.dbtools.crest.model.design.relational.Index">
<ind_PK_UK id="0F611112-D4B6-9A3A-1B27-47127209AA76" name="TBL_LISTAS_FAVORITAS_PK">
<createdBy>Erick Marín</createdBy>
<createdTime>2016-08-08 17:52:45 UTC</createdTime>
<ownerDesignName>Youtube</ownerDesignName>
<pk>true</pk>
<indexState>Primary Constraint</indexState>
<isSurrogateKey>false</isSurrogateKey>
<indexColumnUsage>
<colUsage columnID="704E32ED-8347-CA9E-0B8C-B5FE3225CA4D"/>
<colUsage columnID="43301422-6877-8BB5-69A3-5F4C085DCB79"/>
</indexColumnUsage>
</ind_PK_UK>
<ind_PK_UK id="E536B22D-AA1C-D36D-82A4-8BDF1AA22031" name="LIS_FAV_USU_FK">
<createdBy>Erick Marín</createdBy>
<createdTime>2016-08-08 17:39:16 UTC</createdTime>
<ownerDesignName>Youtube</ownerDesignName>
<indexState>Foreign Key</indexState>
<isSurrogateKey>false</isSurrogateKey>
<indexColumnUsage>
<colUsage columnID="704E32ED-8347-CA9E-0B8C-B5FE3225CA4D"/>
</indexColumnUsage>
</ind_PK_UK>
<ind_PK_UK id="AF6BD123-0478-0617-BB7D-F089C94B929F" name="LIST_FAV_LIS_REPR_FK">
<createdBy>Erick Marín</createdBy>
<createdTime>2016-08-08 17:39:20 UTC</createdTime>
<ownerDesignName>Youtube</ownerDesignName>
<indexState>Foreign Key</indexState>
<isSurrogateKey>false</isSurrogateKey>
<indexColumnUsage>
<colUsage columnID="43301422-6877-8BB5-69A3-5F4C085DCB79"/>
</indexColumnUsage>
</ind_PK_UK>
</indexes>
</Table>