<?xml version = '1.0' encoding = 'UTF-8'?>
<Table class="oracle.dbtools.crest.model.design.relational.Table" directorySegmentName="seg_0" id="4A166C92-69B7-E9D0-9123-97931F6094F0" name="TBL_TIPOS_LIKES">
<createdBy>Erick Marín</createdBy>
<createdTime>2016-08-05 17:39:41 UTC</createdTime>
<ownerDesignName>Youtube</ownerDesignName>
<allowColumnReorder>false</allowColumnReorder>
<existDependencyGenerateInDDl>true</existDependencyGenerateInDDl>
<columns itemClass="oracle.dbtools.crest.model.design.relational.Column">
<Column name="CODIGO_TIPO_LIKE" id="F3E933CB-470F-3531-6641-A7443E3F805D">
<createdBy>Erick Marín</createdBy>
<createdTime>2016-08-05 17:40:20 UTC</createdTime>
<ownerDesignName>Youtube</ownerDesignName>
<useDomainConstraints>false</useDomainConstraints>
<use>1</use>
<logicalDatatype>LOGDT011</logicalDatatype>
<autoIncrementCycle>false</autoIncrementCycle>
</Column>
<Column name="NOMBRE_TIPO_LIKE" id="C2CE6690-0612-00C4-BCF9-1757F082637B">
<createdBy>Erick Marín</createdBy>
<createdTime>2016-08-05 17:40:20 UTC</createdTime>
<ownerDesignName>Youtube</ownerDesignName>
<useDomainConstraints>false</useDomainConstraints>
<use>1</use>
<logicalDatatype>A3A3C77D-0366-9768-FF89-1C25E56881C8</logicalDatatype>
<dataTypeSize>200</dataTypeSize>
<autoIncrementCycle>false</autoIncrementCycle>
</Column>
</columns>
<indexes itemClass="oracle.dbtools.crest.model.design.relational.Index">
<ind_PK_UK id="4DA5EA62-1C82-3484-25A7-7FF42D220B9B" name="TBL_TIPOS_LIKES_PK">
<createdBy>Erick Marín</createdBy>
<createdTime>2016-08-05 17:40:20 UTC</createdTime>
<ownerDesignName>Youtube</ownerDesignName>
<pk>true</pk>
<indexState>Primary Constraint</indexState>
<isSurrogateKey>false</isSurrogateKey>
<indexColumnUsage>
<colUsage columnID="F3E933CB-470F-3531-6641-A7443E3F805D"/>
</indexColumnUsage>
</ind_PK_UK>
</indexes>
</Table>