<?xml version = '1.0' encoding = 'UTF-8'?>
<Table class="oracle.dbtools.crest.model.design.relational.Table" directorySegmentName="seg_0" id="4D56FA3B-5743-9E8F-E30C-CF6ECEB8F04F" name="TBL_DEPARTAMENTOS">
<createdBy>Erick Marín</createdBy>
<createdTime>2016-08-03 17:30:04 UTC</createdTime>
<ownerDesignName>Youtube</ownerDesignName>
<allowColumnReorder>false</allowColumnReorder>
<existDependencyGenerateInDDl>true</existDependencyGenerateInDDl>
<columns itemClass="oracle.dbtools.crest.model.design.relational.Column">
<Column name="CODIGO_DEPARTAMENTO" id="CFA44C41-7417-7829-BD05-20A618FC82DC">
<createdBy>Erick Marín</createdBy>
<createdTime>2016-08-03 17:31:33 UTC</createdTime>
<ownerDesignName>Youtube</ownerDesignName>
<useDomainConstraints>false</useDomainConstraints>
<use>1</use>
<logicalDatatype>LOGDT011</logicalDatatype>
<autoIncrementCycle>false</autoIncrementCycle>
</Column>
<Column name="NOMBRE_DEPARTAMENTO" id="9587389B-1134-3627-44F5-4AEF1166E674">
<createdBy>Erick Marín</createdBy>
<createdTime>2016-08-03 17:31:33 UTC</createdTime>
<ownerDesignName>Youtube</ownerDesignName>
<useDomainConstraints>false</useDomainConstraints>
<use>1</use>
<logicalDatatype>A3A3C77D-0366-9768-FF89-1C25E56881C8</logicalDatatype>
<dataTypeSize>200</dataTypeSize>
<autoIncrementCycle>false</autoIncrementCycle>
</Column>
<Column name="LONGITUD" id="DB3AED94-667E-B1F8-52F4-9103A41296C9">
<createdBy>Erick Marín</createdBy>
<createdTime>2016-08-03 17:31:33 UTC</createdTime>
<ownerDesignName>Youtube</ownerDesignName>
<useDomainConstraints>false</useDomainConstraints>
<use>1</use>
<logicalDatatype>LOGDT026</logicalDatatype>
<autoIncrementCycle>false</autoIncrementCycle>
</Column>
<Column name="LATITUD" id="4E9A3BDB-D8D9-D2F2-E5DD-D882967B1B9D">
<createdBy>Erick Marín</createdBy>
<createdTime>2016-08-03 17:31:33 UTC</createdTime>
<ownerDesignName>Youtube</ownerDesignName>
<useDomainConstraints>false</useDomainConstraints>
<use>1</use>
<logicalDatatype>LOGDT026</logicalDatatype>
<autoIncrementCycle>false</autoIncrementCycle>
</Column>
<Column name="CODIGO_PAIS" id="416C78BC-2101-18C7-A273-9AB2E047FDCF">
<createdBy>Erick Marín</createdBy>
<createdTime>2016-08-03 17:33:35 UTC</createdTime>
<ownerDesignName>Youtube</ownerDesignName>
<useDomainConstraints>false</useDomainConstraints>
<use>1</use>
<logicalDatatype>A3A3C77D-0366-9768-FF89-1C25E56881C8</logicalDatatype>
<dataTypeSize>200</dataTypeSize>
<previousColumn>false</previousColumn>
<autoIncrementCycle>false</autoIncrementCycle>
<associations>
<colAssociation fkAssociation="A2F7A28A-08BE-DCA2-47F5-7D4E25E35CDA" referredColumn="A21E3A36-8E38-341F-2F74-2829806B173A"/>
</associations>
</Column>
</columns>
<indexes itemClass="oracle.dbtools.crest.model.design.relational.Index">
<ind_PK_UK id="434288E0-3943-D9B3-DB28-0873445DEFA8" name="TBL_DEPARTAMENTOS_PK">
<createdBy>Erick Marín</createdBy>
<createdTime>2016-08-03 17:31:33 UTC</createdTime>
<ownerDesignName>Youtube</ownerDesignName>
<pk>true</pk>
<indexState>Primary Constraint</indexState>
<isSurrogateKey>false</isSurrogateKey>
<indexColumnUsage>
<colUsage columnID="CFA44C41-7417-7829-BD05-20A618FC82DC"/>
</indexColumnUsage>
</ind_PK_UK>
<ind_PK_UK id="4A1DFC41-C176-4136-901C-851F0A83BFE5" name="DEP_PAISES_FK">
<createdBy>Erick Marín</createdBy>
<createdTime>2016-08-03 17:33:35 UTC</createdTime>
<ownerDesignName>Youtube</ownerDesignName>
<indexState>Foreign Key</indexState>
<isSurrogateKey>false</isSurrogateKey>
<indexColumnUsage>
<colUsage columnID="416C78BC-2101-18C7-A273-9AB2E047FDCF"/>
</indexColumnUsage>
</ind_PK_UK>
</indexes>
</Table>