<?xml version = '1.0' encoding = 'UTF-8'?>
<Table class="oracle.dbtools.crest.model.design.relational.Table" directorySegmentName="seg_0" id="4FD3A5DF-79B1-9406-7FBA-829E1356136B" name="TBL_ESTADOS_USUARIOS">
<createdBy>Erick Marín</createdBy>
<createdTime>2016-08-09 17:12:48 UTC</createdTime>
<ownerDesignName>Youtube</ownerDesignName>
<allowColumnReorder>false</allowColumnReorder>
<existDependencyGenerateInDDl>true</existDependencyGenerateInDDl>
<columns itemClass="oracle.dbtools.crest.model.design.relational.Column">
<Column name="CODIGO_ESTADO_USUARIO" id="CA2BB7F7-B69D-8134-0F25-88CE0FBD0A9A">
<createdBy>Erick Marín</createdBy>
<createdTime>2016-08-09 17:13:22 UTC</createdTime>
<ownerDesignName>Youtube</ownerDesignName>
<useDomainConstraints>false</useDomainConstraints>
<use>1</use>
<logicalDatatype>LOGDT011</logicalDatatype>
<autoIncrementCycle>false</autoIncrementCycle>
</Column>
<Column name="ESTADO_USUARIO" id="51AFFA57-A217-51E9-F8B0-469C2B49AE8C">
<createdBy>Erick Marín</createdBy>
<createdTime>2016-08-09 17:13:22 UTC</createdTime>
<ownerDesignName>Youtube</ownerDesignName>
<useDomainConstraints>false</useDomainConstraints>
<use>1</use>
<logicalDatatype>A3A3C77D-0366-9768-FF89-1C25E56881C8</logicalDatatype>
<dataTypeSize>200</dataTypeSize>
<autoIncrementCycle>false</autoIncrementCycle>
</Column>
</columns>
<indexes itemClass="oracle.dbtools.crest.model.design.relational.Index">
<ind_PK_UK id="00DB6824-A41F-892D-8693-0B8E869C41C9" name="TBL_ESTADOS_USUARIOS_PK">
<createdBy>Erick Marín</createdBy>
<createdTime>2016-08-09 17:13:22 UTC</createdTime>
<ownerDesignName>Youtube</ownerDesignName>
<pk>true</pk>
<indexState>Primary Constraint</indexState>
<isSurrogateKey>false</isSurrogateKey>
<indexColumnUsage>
<colUsage columnID="CA2BB7F7-B69D-8134-0F25-88CE0FBD0A9A"/>
</indexColumnUsage>
</ind_PK_UK>
</indexes>
</Table>