<?xml version = '1.0' encoding = 'UTF-8'?>
<Table class="oracle.dbtools.crest.model.design.relational.Table" directorySegmentName="seg_0" id="80775803-31E0-C040-EBF4-C77DE3831594" name="TBL_PLATAFORMAS_EXTERNAS">
<createdBy>Erick Marín</createdBy>
<createdTime>2016-08-10 17:26:42 UTC</createdTime>
<ownerDesignName>Youtube</ownerDesignName>
<allowColumnReorder>false</allowColumnReorder>
<existDependencyGenerateInDDl>true</existDependencyGenerateInDDl>
<columns itemClass="oracle.dbtools.crest.model.design.relational.Column">
<Column name="CODIGO_PLATAFORMA" id="1CDF72F7-F7EF-3CB8-98F1-83FE9F34347D">
<createdBy>Erick Marín</createdBy>
<createdTime>2016-08-10 17:28:09 UTC</createdTime>
<ownerDesignName>Youtube</ownerDesignName>
<useDomainConstraints>false</useDomainConstraints>
<use>1</use>
<logicalDatatype>LOGDT011</logicalDatatype>
<autoIncrementCycle>false</autoIncrementCycle>
</Column>
<Column name="NOMBRE_PLATAFORMA" id="E9C889FA-A864-5008-7A06-6727A4A93D1E">
<createdBy>Erick Marín</createdBy>
<createdTime>2016-08-10 17:28:09 UTC</createdTime>
<ownerDesignName>Youtube</ownerDesignName>
<useDomainConstraints>false</useDomainConstraints>
<use>1</use>
<logicalDatatype>A3A3C77D-0366-9768-FF89-1C25E56881C8</logicalDatatype>
<dataTypeSize>200</dataTypeSize>
<autoIncrementCycle>false</autoIncrementCycle>
</Column>
<Column name="URL" id="1BE8BF84-3619-E5A9-A90E-0D95918EDBD5">
<createdBy>Erick Marín</createdBy>
<createdTime>2016-08-10 17:28:09 UTC</createdTime>
<ownerDesignName>Youtube</ownerDesignName>
<useDomainConstraints>false</useDomainConstraints>
<use>1</use>
<logicalDatatype>A3A3C77D-0366-9768-FF89-1C25E56881C8</logicalDatatype>
<dataTypeSize>500</dataTypeSize>
<autoIncrementCycle>false</autoIncrementCycle>
</Column>
<Column name="LOGO" id="2D1A4AA9-6F70-5C5F-7B8A-0016199B7055">
<createdBy>Erick Marín</createdBy>
<createdTime>2016-08-10 17:28:58 UTC</createdTime>
<ownerDesignName>Youtube</ownerDesignName>
<useDomainConstraints>false</useDomainConstraints>
<use>1</use>
<logicalDatatype>LOGDT029</logicalDatatype>
<autoIncrementCycle>false</autoIncrementCycle>
</Column>
</columns>
<indexes itemClass="oracle.dbtools.crest.model.design.relational.Index">
<ind_PK_UK id="04EE4521-D39F-2D21-0CAF-9E34C7D7990D" name="TBL_PLATAFORMAS_EXTERNAS_PK">
<createdBy>Erick Marín</createdBy>
<createdTime>2016-08-10 17:28:09 UTC</createdTime>
<ownerDesignName>Youtube</ownerDesignName>
<pk>true</pk>
<indexState>Primary Constraint</indexState>
<isSurrogateKey>false</isSurrogateKey>
<indexColumnUsage>
<colUsage columnID="1CDF72F7-F7EF-3CB8-98F1-83FE9F34347D"/>
</indexColumnUsage>
</ind_PK_UK>
</indexes>
</Table>