<?xml version = '1.0' encoding = 'UTF-8'?>
<Table class="oracle.dbtools.crest.model.design.relational.Table" directorySegmentName="seg_0" id="BD62D851-F97B-B271-96F2-4645AC3E248E" name="TBL_CANALES">
<createdBy>Erick Marín</createdBy>
<createdTime>2016-08-09 17:24:18 UTC</createdTime>
<ownerDesignName>Youtube</ownerDesignName>
<allowColumnReorder>false</allowColumnReorder>
<existDependencyGenerateInDDl>true</existDependencyGenerateInDDl>
<columns itemClass="oracle.dbtools.crest.model.design.relational.Column">
<Column name="CODIGO_CANAL" id="785ADCF0-B390-2C82-90FA-875626D34B7A">
<createdBy>Erick Marín</createdBy>
<createdTime>2016-08-09 17:25:55 UTC</createdTime>
<ownerDesignName>Youtube</ownerDesignName>
<useDomainConstraints>false</useDomainConstraints>
<use>1</use>
<logicalDatatype>LOGDT011</logicalDatatype>
<autoIncrementCycle>false</autoIncrementCycle>
</Column>
<Column name="CODIGO_USUARIO" id="523C7818-85E2-9EC8-E94D-797D4CE8C1D2">
<createdBy>Erick Marín</createdBy>
<createdTime>2016-08-09 17:28:07 UTC</createdTime>
<commentInRDBMS>Administrador o creador del canal</commentInRDBMS>
<ownerDesignName>Youtube</ownerDesignName>
<useDomainConstraints>false</useDomainConstraints>
<use>1</use>
<logicalDatatype>LOGDT011</logicalDatatype>
<previousColumn>false</previousColumn>
<autoIncrementCycle>false</autoIncrementCycle>
<associations>
<colAssociation fkAssociation="FCCA0489-DDF7-32F5-4B5F-0BEEE25A17C0" referredColumn="84ED8063-FF90-AB1B-31FD-43041E07C864"/>
</associations>
</Column>
<Column name="NOMBRE_CANAL" id="08B6DD1B-B07F-5369-9C1C-0EA1F8AADCF9">
<createdBy>Erick Marín</createdBy>
<createdTime>2016-08-09 17:25:55 UTC</createdTime>
<ownerDesignName>Youtube</ownerDesignName>
<useDomainConstraints>false</useDomainConstraints>
<use>1</use>
<logicalDatatype>A3A3C77D-0366-9768-FF89-1C25E56881C8</logicalDatatype>
<dataTypeSize>200</dataTypeSize>
<autoIncrementCycle>false</autoIncrementCycle>
</Column>
<Column name="DESCRIPCION" id="CE92279C-1AC9-4B70-441F-43FA3E186503">
<createdBy>Erick Marín</createdBy>
<createdTime>2016-08-09 17:25:55 UTC</createdTime>
<ownerDesignName>Youtube</ownerDesignName>
<useDomainConstraints>false</useDomainConstraints>
<use>1</use>
<logicalDatatype>A3A3C77D-0366-9768-FF89-1C25E56881C8</logicalDatatype>
<dataTypeSize>4000</dataTypeSize>
<autoIncrementCycle>false</autoIncrementCycle>
</Column>
<Column name="CANTIDAD_SUSCRIPTORES" id="BC364021-8C06-F2F0-B2E0-8BBE9005E23A">
<createdBy>Erick Marín</createdBy>
<createdTime>2016-08-09 17:25:55 UTC</createdTime>
<ownerDesignName>Youtube</ownerDesignName>
<useDomainConstraints>false</useDomainConstraints>
<use>1</use>
<logicalDatatype>LOGDT011</logicalDatatype>
<autoIncrementCycle>false</autoIncrementCycle>
</Column>
<Column name="FECHA_CREACION" id="F062891A-7E95-F73E-9EFC-15FA9E9FCB81">
<createdBy>Erick Marín</createdBy>
<createdTime>2016-08-09 17:25:55 UTC</createdTime>
<ownerDesignName>Youtube</ownerDesignName>
<nullsAllowed>true</nullsAllowed>
<useDomainConstraints>false</useDomainConstraints>
<use>1</use>
<logicalDatatype>LOGDT007</logicalDatatype>
<autoIncrementCycle>false</autoIncrementCycle>
</Column>
<Column name="URL_CANAL" id="2A20358A-4DC6-E658-13F8-6DBE17D4D247">
<createdBy>Erick Marín</createdBy>
<createdTime>2016-08-09 17:26:24 UTC</createdTime>
<ownerDesignName>Youtube</ownerDesignName>
<useDomainConstraints>false</useDomainConstraints>
<use>1</use>
<logicalDatatype>A3A3C77D-0366-9768-FF89-1C25E56881C8</logicalDatatype>
<dataTypeSize>500</dataTypeSize>
<autoIncrementCycle>false</autoIncrementCycle>
</Column>
</columns>
<indexes itemClass="oracle.dbtools.crest.model.design.relational.Index">
<ind_PK_UK id="802BCE9A-F52E-3213-BF67-E51803EB0436" name="TBL_CANALES_PK">
<createdBy>Erick Marín</createdBy>
<createdTime>2016-08-09 17:27:56 UTC</createdTime>
<ownerDesignName>Youtube</ownerDesignName>
<pk>true</pk>
<indexState>Primary Constraint</indexState>
<isSurrogateKey>false</isSurrogateKey>
<indexColumnUsage>
<colUsage columnID="785ADCF0-B390-2C82-90FA-875626D34B7A"/>
</indexColumnUsage>
</ind_PK_UK>
<ind_PK_UK id="1D98A72C-0474-05DA-7325-AA3A588DA25A" name="TBL_CANALES_TBL_USUARIOS_FK">
<createdBy>Erick Marín</createdBy>
<createdTime>2016-08-09 17:28:07 UTC</createdTime>
<ownerDesignName>Youtube</ownerDesignName>
<indexState>Foreign Key</indexState>
<isSurrogateKey>false</isSurrogateKey>
<indexColumnUsage>
<colUsage columnID="523C7818-85E2-9EC8-E94D-797D4CE8C1D2"/>
</indexColumnUsage>
</ind_PK_UK>
</indexes>
</Table>