<?xml version = '1.0' encoding = 'UTF-8'?>
<Table class="oracle.dbtools.crest.model.design.relational.Table" directorySegmentName="seg_0" id="CEAF480C-A1BF-D7BC-E08B-AE12B18CD22F" name="TBL_TIPOS_USUARIOS">
<createdBy>Erick Marín</createdBy>
<createdTime>2016-08-09 17:12:04 UTC</createdTime>
<ownerDesignName>Youtube</ownerDesignName>
<allowColumnReorder>false</allowColumnReorder>
<existDependencyGenerateInDDl>true</existDependencyGenerateInDDl>
<columns itemClass="oracle.dbtools.crest.model.design.relational.Column">
<Column name="CODIGO_TIPO_USUARIO" id="E347EB20-1BD4-EBC3-D530-72CF7964CB49">
<createdBy>Erick Marín</createdBy>
<createdTime>2016-08-09 17:12:45 UTC</createdTime>
<ownerDesignName>Youtube</ownerDesignName>
<useDomainConstraints>false</useDomainConstraints>
<use>1</use>
<logicalDatatype>LOGDT011</logicalDatatype>
<autoIncrementCycle>false</autoIncrementCycle>
</Column>
<Column name="TIPO_USUARIO" id="036A5668-5FB2-43D9-4A44-457853FF90F3">
<createdBy>Erick Marín</createdBy>
<createdTime>2016-08-09 17:12:45 UTC</createdTime>
<ownerDesignName>Youtube</ownerDesignName>
<useDomainConstraints>false</useDomainConstraints>
<use>1</use>
<logicalDatatype>A3A3C77D-0366-9768-FF89-1C25E56881C8</logicalDatatype>
<dataTypeSize>200</dataTypeSize>
<autoIncrementCycle>false</autoIncrementCycle>
</Column>
</columns>
<indexes itemClass="oracle.dbtools.crest.model.design.relational.Index">
<ind_PK_UK id="B9196AFD-0E05-C350-3743-0DBB537264F1" name="TBL_TIPOS_USUARIOS_PK">
<createdBy>Erick Marín</createdBy>
<createdTime>2016-08-09 17:12:45 UTC</createdTime>
<ownerDesignName>Youtube</ownerDesignName>
<pk>true</pk>
<indexState>Primary Constraint</indexState>
<isSurrogateKey>false</isSurrogateKey>
<indexColumnUsage>
<colUsage columnID="E347EB20-1BD4-EBC3-D530-72CF7964CB49"/>
</indexColumnUsage>
</ind_PK_UK>
</indexes>
</Table>