<?xml version = '1.0' encoding = 'UTF-8'?>
<Table class="oracle.dbtools.crest.model.design.relational.Table" directorySegmentName="seg_0" id="01C704E6-3AC5-A413-3B9A-5432528E314E" name="TBL_CAMPUS">
<createdBy>ErickVladimir</createdBy>
<createdTime>2017-02-03 17:00:10 UTC</createdTime>
<ownerDesignName>bd_unah</ownerDesignName>
<ordsAlias>table_13</ordsAlias>
<allowColumnReorder>false</allowColumnReorder>
<existDependencyGenerateInDDl>true</existDependencyGenerateInDDl>
<parsed>true</parsed>
<columns itemClass="oracle.dbtools.crest.model.design.relational.Column">
<Column name="CODIGO_CAMPUS" id="03FC2DEA-D2D2-3A3E-CD59-64F85DE01F84">
<createdBy>ErickVladimir</createdBy>
<createdTime>2017-02-03 17:00:58 UTC</createdTime>
<ownerDesignName>bd_unah</ownerDesignName>
<useDomainConstraints>false</useDomainConstraints>
<use>1</use>
<logicalDatatype>LOGDT011</logicalDatatype>
<ownDataTypeParameters>,,</ownDataTypeParameters>
<autoIncrementCycle>false</autoIncrementCycle>
</Column>
<Column name="NOMBRE_CAMPUS" id="B16C2817-4C16-2863-F40E-4ACD18A33F25">
<createdBy>ErickVladimir</createdBy>
<createdTime>2017-02-03 17:00:58 UTC</createdTime>
<ownerDesignName>bd_unah</ownerDesignName>
<useDomainConstraints>false</useDomainConstraints>
<use>1</use>
<logicalDatatype>A3A3C77D-0366-9768-FF89-1C25E56881C8</logicalDatatype>
<dataTypeSize>200</dataTypeSize>
<ownDataTypeParameters>200,,</ownDataTypeParameters>
<autoIncrementCycle>false</autoIncrementCycle>
</Column>
</columns>
<indexes itemClass="oracle.dbtools.crest.model.design.relational.Index">
<ind_PK_UK id="1F809D91-D1B5-EC96-9442-ACFA6C35DB0B" name="TBL_CAMPUS_PK">
<createdBy>ErickVladimir</createdBy>
<createdTime>2017-02-03 17:00:58 UTC</createdTime>
<ownerDesignName>bd_unah</ownerDesignName>
<pk>true</pk>
<indexState>Primary Constraint</indexState>
<isSurrogateKey>false</isSurrogateKey>
<indexColumnUsage>
<colUsage columnID="03FC2DEA-D2D2-3A3E-CD59-64F85DE01F84"/>
</indexColumnUsage>
</ind_PK_UK>
</indexes>
</Table>