<?xml version = '1.0' encoding = 'UTF-8'?>
<Table class="oracle.dbtools.crest.model.design.relational.Table" directorySegmentName="seg_0" id="5B9CF3F7-60DF-C227-636F-DB0AB925DB42" name="TBL_GRADOS">
<createdBy>ErickVladimir</createdBy>
<createdTime>2017-02-03 16:48:28 UTC</createdTime>
<ownerDesignName>bd_unah</ownerDesignName>
<ordsAlias>table_5</ordsAlias>
<allowColumnReorder>false</allowColumnReorder>
<existDependencyGenerateInDDl>true</existDependencyGenerateInDDl>
<parsed>true</parsed>
<columns itemClass="oracle.dbtools.crest.model.design.relational.Column">
<Column name="CODIGO_GRADO" id="AAD2B7BD-1843-FC16-2AE2-3612573EA816">
<createdBy>ErickVladimir</createdBy>
<createdTime>2017-02-03 16:49:20 UTC</createdTime>
<ownerDesignName>bd_unah</ownerDesignName>
<useDomainConstraints>false</useDomainConstraints>
<use>1</use>
<logicalDatatype>LOGDT011</logicalDatatype>
<ownDataTypeParameters>,,</ownDataTypeParameters>
<autoIncrementCycle>false</autoIncrementCycle>
</Column>
<Column name="NOMBRE_GRADO" id="8E73195F-5CAB-E0A9-AFCC-722FB7A7146F">
<createdBy>ErickVladimir</createdBy>
<createdTime>2017-02-03 16:49:20 UTC</createdTime>
<ownerDesignName>bd_unah</ownerDesignName>
<useDomainConstraints>false</useDomainConstraints>
<use>1</use>
<logicalDatatype>A3A3C77D-0366-9768-FF89-1C25E56881C8</logicalDatatype>
<dataTypeSize>200</dataTypeSize>
<ownDataTypeParameters>200,,</ownDataTypeParameters>
<autoIncrementCycle>false</autoIncrementCycle>
</Column>
</columns>
<indexes itemClass="oracle.dbtools.crest.model.design.relational.Index">
<ind_PK_UK id="2D4112A5-7FB5-5361-AE4D-907BDFA428F3" name="TBL_GRADOS_PK">
<createdBy>ErickVladimir</createdBy>
<createdTime>2017-02-03 16:49:20 UTC</createdTime>
<ownerDesignName>bd_unah</ownerDesignName>
<pk>true</pk>
<indexState>Primary Constraint</indexState>
<isSurrogateKey>false</isSurrogateKey>
<indexColumnUsage>
<colUsage columnID="AAD2B7BD-1843-FC16-2AE2-3612573EA816"/>
</indexColumnUsage>
</ind_PK_UK>
</indexes>
</Table>