<?xml version = '1.0' encoding = 'UTF-8'?>
<Table class="oracle.dbtools.crest.model.design.relational.Table" directorySegmentName="seg_0" id="5E876D23-A90D-E508-FB2E-0F363B3981B5" name="TBL_PAISES">
<createdBy>ErickVladimir</createdBy>
<createdTime>2017-02-03 16:51:08 UTC</createdTime>
<ownerDesignName>bd_unah</ownerDesignName>
<ordsAlias>table_8</ordsAlias>
<allowColumnReorder>false</allowColumnReorder>
<existDependencyGenerateInDDl>true</existDependencyGenerateInDDl>
<parsed>true</parsed>
<columns itemClass="oracle.dbtools.crest.model.design.relational.Column">
<Column name="CODIGO_PAIS" id="93D6A3DB-8610-742A-FF10-8B784E7138DF">
<createdBy>ErickVladimir</createdBy>
<createdTime>2017-02-03 16:51:55 UTC</createdTime>
<ownerDesignName>bd_unah</ownerDesignName>
<useDomainConstraints>false</useDomainConstraints>
<use>1</use>
<logicalDatatype>LOGDT011</logicalDatatype>
<ownDataTypeParameters>,,</ownDataTypeParameters>
<autoIncrementCycle>false</autoIncrementCycle>
</Column>
<Column name="NOMBRE_PAIS" id="64D2B87F-2FEF-3AB2-13B2-761B971DB366">
<createdBy>ErickVladimir</createdBy>
<createdTime>2017-02-03 16:51:55 UTC</createdTime>
<ownerDesignName>bd_unah</ownerDesignName>
<useDomainConstraints>false</useDomainConstraints>
<use>1</use>
<logicalDatatype>A3A3C77D-0366-9768-FF89-1C25E56881C8</logicalDatatype>
<dataTypeSize>200</dataTypeSize>
<ownDataTypeParameters>200,,</ownDataTypeParameters>
<autoIncrementCycle>false</autoIncrementCycle>
</Column>
</columns>
<indexes itemClass="oracle.dbtools.crest.model.design.relational.Index">
<ind_PK_UK id="CC691E17-CBF8-47F4-C721-F3698BB6C46B" name="TBL_PAISES_PK">
<createdBy>ErickVladimir</createdBy>
<createdTime>2017-02-03 16:51:55 UTC</createdTime>
<ownerDesignName>bd_unah</ownerDesignName>
<pk>true</pk>
<indexState>Primary Constraint</indexState>
<isSurrogateKey>false</isSurrogateKey>
<indexColumnUsage>
<colUsage columnID="93D6A3DB-8610-742A-FF10-8B784E7138DF"/>
</indexColumnUsage>
</ind_PK_UK>
</indexes>
</Table>