<?xml version = '1.0' encoding = 'UTF-8'?>
<Table class="oracle.dbtools.crest.model.design.relational.Table" directorySegmentName="seg_0" id="E3191BAD-704C-FDC3-D0E4-4036E98C9FC7" name="TBL_AREAS">
<createdBy>ErickVladimir</createdBy>
<createdTime>2017-02-08 15:48:05 UTC</createdTime>
<ownerDesignName>bd_unah</ownerDesignName>
<ordsAlias>table_31</ordsAlias>
<allowColumnReorder>false</allowColumnReorder>
<existDependencyGenerateInDDl>true</existDependencyGenerateInDDl>
<parsed>true</parsed>
<columns itemClass="oracle.dbtools.crest.model.design.relational.Column">
<Column name="CODIGO_AREA" id="71D2D9B1-44B8-0969-1AA9-C68B1668B19E">
<createdBy>ErickVladimir</createdBy>
<createdTime>2017-02-08 15:48:36 UTC</createdTime>
<ownerDesignName>bd_unah</ownerDesignName>
<useDomainConstraints>false</useDomainConstraints>
<use>1</use>
<logicalDatatype>LOGDT011</logicalDatatype>
<ownDataTypeParameters>,,</ownDataTypeParameters>
<autoIncrementCycle>false</autoIncrementCycle>
</Column>
<Column name="NOMBRE_AREA" id="1E40CDFB-F7F6-E619-794C-75074803CE94">
<createdBy>ErickVladimir</createdBy>
<createdTime>2017-02-08 15:48:36 UTC</createdTime>
<ownerDesignName>bd_unah</ownerDesignName>
<nullsAllowed>true</nullsAllowed>
<useDomainConstraints>false</useDomainConstraints>
<use>1</use>
<logicalDatatype>A3A3C77D-0366-9768-FF89-1C25E56881C8</logicalDatatype>
<dataTypeSize>200</dataTypeSize>
<ownDataTypeParameters>200,,</ownDataTypeParameters>
<autoIncrementCycle>false</autoIncrementCycle>
</Column>
</columns>
<indexes itemClass="oracle.dbtools.crest.model.design.relational.Index">
<ind_PK_UK id="39A9FC49-F9C5-DE85-6E79-641698EC9F5E" name="TBL_AREAS_PK">
<createdBy>ErickVladimir</createdBy>
<createdTime>2017-02-08 15:48:36 UTC</createdTime>
<ownerDesignName>bd_unah</ownerDesignName>
<pk>true</pk>
<indexState>Primary Constraint</indexState>
<isSurrogateKey>false</isSurrogateKey>
<indexColumnUsage>
<colUsage columnID="71D2D9B1-44B8-0969-1AA9-C68B1668B19E"/>
</indexColumnUsage>
</ind_PK_UK>
</indexes>
</Table>