<?xml version = '1.0' encoding = 'UTF-8'?>
<FKIndexAssociation class="oracle.dbtools.crest.model.design.relational.FKIndexAssociation" directorySegmentName="seg_0" id="0C6144BE-18F3-8D83-8AC5-86078C869A8B" containerWithKeyObject="6C146829-910D-F66A-837E-0B42EE003A9E" localFKIndex="2A338660-1F50-B6A0-1A93-19FEEE6AFB5D" name="TRANS_PA_VID_FK">
<createdBy>Erick Marín</createdBy>
<createdTime>2016-08-10 17:50:41 UTC</createdTime>
<ownerDesignName>Youtube</ownerDesignName>
<deleteRule>NO ACTION</deleteRule>
<referredTableID>0724FDA3-9F80-C15D-38EA-84DDC3005CA3</referredTableID>
<keyObject>A7E06B4F-AAD4-A5EB-B82D-CF9C9ADB2F05</keyObject>
<referredKeyID>A7E06B4F-AAD4-A5EB-B82D-CF9C9ADB2F05</referredKeyID>
<mandatory>true</mandatory>
<transferable>true</transferable>
<rely>false</rely>
<columnDependencyConstraintGenerateInDDL>true</columnDependencyConstraintGenerateInDDL>
</FKIndexAssociation>