<?xml version = '1.0' encoding = 'UTF-8'?>
<FKIndexAssociation class="oracle.dbtools.crest.model.design.relational.FKIndexAssociation" directorySegmentName="seg_0" id="61C05F6A-EEB7-04F8-853A-EC753DC8DABF" containerWithKeyObject="843AD1B8-4471-5C80-6FDD-4A07D2D0AF54" localFKIndex="8462F958-94CD-0A92-8677-1521F659060A" name="TBL_LIKES_TBL_COMENTARIOS_FK">
<createdBy>Erick Marín</createdBy>
<createdTime>2016-08-05 17:37:48 UTC</createdTime>
<ownerDesignName>Youtube</ownerDesignName>
<deleteRule>NO ACTION</deleteRule>
<referredTableID>18EC3952-69AC-4284-1FC3-A3BCB63B0DA2</referredTableID>
<keyObject>02A1C4DD-A6A0-D57B-80CA-DDD27E4512BC</keyObject>
<referredKeyID>02A1C4DD-A6A0-D57B-80CA-DDD27E4512BC</referredKeyID>
<mandatory>false</mandatory>
<transferable>true</transferable>
<rely>false</rely>
<columnDependencyConstraintGenerateInDDL>true</columnDependencyConstraintGenerateInDDL>
</FKIndexAssociation>