<?xml version = '1.0' encoding = 'UTF-8'?>
<FKIndexAssociation class="oracle.dbtools.crest.model.design.relational.FKIndexAssociation" directorySegmentName="seg_0" id="698D5595-1ECC-6710-1526-873D429856E6" containerWithKeyObject="B058C053-F6BE-E96E-DFB1-1E5643A17A4A" localFKIndex="C5ED399C-E66F-6EA8-2097-D178C087C0BA" name="CUENTAS_BANC_BANCOS_FK">
<createdBy>Erick Marín</createdBy>
<createdTime>2016-08-11 17:19:47 UTC</createdTime>
<ownerDesignName>Youtube</ownerDesignName>
<deleteRule>NO ACTION</deleteRule>
<referredTableID>6ECC33A7-EB21-BAE8-AF65-DFE544E5CDB4</referredTableID>
<keyObject>0187AEDD-6ADE-6386-DD07-A1E82B7A9CB5</keyObject>
<referredKeyID>0187AEDD-6ADE-6386-DD07-A1E82B7A9CB5</referredKeyID>
<mandatory>true</mandatory>
<transferable>true</transferable>
<rely>false</rely>
<columnDependencyConstraintGenerateInDDL>true</columnDependencyConstraintGenerateInDDL>
</FKIndexAssociation>