<?xml version = '1.0' encoding = 'UTF-8'?>
<FKIndexAssociation class="oracle.dbtools.crest.model.design.relational.FKIndexAssociation" directorySegmentName="seg_0" id="795265E3-71AC-3754-741C-ECF62FED2278" containerWithKeyObject="FE16E819-8341-2898-BDE9-ACEC566AD882" localFKIndex="58198115-8C3A-07A5-E0CC-AE0ADBE45392" name="TBL_USUARIOS_TBL_LUGARES_FK">
<createdBy>Erick Marín</createdBy>
<createdTime>2016-08-04 17:19:15 UTC</createdTime>
<ownerDesignName>Youtube</ownerDesignName>
<deleteRule>NO ACTION</deleteRule>
<referredTableID>7AA59E1C-2CE5-50DD-EBA4-AACBF5BF0130</referredTableID>
<keyObject>BE128E1D-3889-4573-23CE-B69A79499E48</keyObject>
<referredKeyID>BE128E1D-3889-4573-23CE-B69A79499E48</referredKeyID>
<mandatory>true</mandatory>
<transferable>true</transferable>
<rely>false</rely>
<columnDependencyConstraintGenerateInDDL>true</columnDependencyConstraintGenerateInDDL>
</FKIndexAssociation>