<?xml version = '1.0' encoding = 'UTF-8'?>
<FKIndexAssociation class="oracle.dbtools.crest.model.design.relational.FKIndexAssociation" directorySegmentName="seg_0" id="7F3FD684-72AD-BF4C-3E3C-436BD4AE7738" containerWithKeyObject="18EC3952-69AC-4284-1FC3-A3BCB63B0DA2" localFKIndex="4A6EB3B9-4137-5B3F-11BD-A2BD3B85F559" name="COM_USU_FK">
<createdBy>Erick Marín</createdBy>
<createdTime>2016-08-05 17:17:11 UTC</createdTime>
<ownerDesignName>Youtube</ownerDesignName>
<deleteRule>NO ACTION</deleteRule>
<referredTableID>FE16E819-8341-2898-BDE9-ACEC566AD882</referredTableID>
<keyObject>4768077E-7E03-0CB5-688B-7EEEA15D4BB5</keyObject>
<referredKeyID>4768077E-7E03-0CB5-688B-7EEEA15D4BB5</referredKeyID>
<mandatory>true</mandatory>
<transferable>true</transferable>
<rely>false</rely>
<columnDependencyConstraintGenerateInDDL>true</columnDependencyConstraintGenerateInDDL>
</FKIndexAssociation>