<?xml version = '1.0' encoding = 'UTF-8'?>
<FKIndexAssociation class="oracle.dbtools.crest.model.design.relational.FKIndexAssociation" directorySegmentName="seg_0" id="B569603A-010A-5400-021B-E026223AB9F8" containerWithKeyObject="002172B5-8C0F-5246-4714-FA9FDF7C2697" localFKIndex="B744B8AE-461E-A006-EAC3-F615FDCC1DD0" name="HIST_VID_USUARIOS_FK">
<createdBy>Erick Marín</createdBy>
<createdTime>2016-08-09 17:18:27 UTC</createdTime>
<ownerDesignName>Youtube</ownerDesignName>
<deleteRule>NO ACTION</deleteRule>
<referredTableID>FE16E819-8341-2898-BDE9-ACEC566AD882</referredTableID>
<keyObject>4768077E-7E03-0CB5-688B-7EEEA15D4BB5</keyObject>
<referredKeyID>4768077E-7E03-0CB5-688B-7EEEA15D4BB5</referredKeyID>
<mandatory>true</mandatory>
<transferable>true</transferable>
<rely>false</rely>
<columnDependencyConstraintGenerateInDDL>true</columnDependencyConstraintGenerateInDDL>
</FKIndexAssociation>