<?xml version = '1.0' encoding = 'UTF-8'?>
<FKIndexAssociation class="oracle.dbtools.crest.model.design.relational.FKIndexAssociation" directorySegmentName="seg_0" id="EAFF0A0D-5D3B-A0F9-65A8-16C8AA7D330E" containerWithKeyObject="FE16E819-8341-2898-BDE9-ACEC566AD882" localFKIndex="A3816EA2-9218-3211-745F-74624D91A351" name="USU_EST_USU_FK">
<createdBy>Erick Marín</createdBy>
<createdTime>2016-08-09 17:14:30 UTC</createdTime>
<ownerDesignName>Youtube</ownerDesignName>
<deleteRule>NO ACTION</deleteRule>
<referredTableID>4FD3A5DF-79B1-9406-7FBA-829E1356136B</referredTableID>
<keyObject>00DB6824-A41F-892D-8693-0B8E869C41C9</keyObject>
<referredKeyID>00DB6824-A41F-892D-8693-0B8E869C41C9</referredKeyID>
<mandatory>true</mandatory>
<transferable>true</transferable>
<rely>false</rely>
<columnDependencyConstraintGenerateInDDL>true</columnDependencyConstraintGenerateInDDL>
</FKIndexAssociation>