<?xml version = '1.0' encoding = 'UTF-8'?>
<FKIndexAssociation class="oracle.dbtools.crest.model.design.relational.FKIndexAssociation" directorySegmentName="seg_0" id="F55F2282-2728-177B-656D-26F565621801" containerWithKeyObject="71F58FBD-C302-AA45-0A8A-DBA9627A9CB1" localFKIndex="8BD3C5BA-2C9D-446E-FFF9-9C24C5FA3A30" name="VID_X_LIS_REPR_FK">
<createdBy>Erick Marín</createdBy>
<createdTime>2016-08-08 17:32:20 UTC</createdTime>
<ownerDesignName>Youtube</ownerDesignName>
<deleteRule>NO ACTION</deleteRule>
<referredTableID>F9E1EAA1-BAC9-30FB-D8D1-DAC84EA08274</referredTableID>
<keyObject>CEF7643A-5D35-716A-55CE-C1C4B915CF36</keyObject>
<referredKeyID>CEF7643A-5D35-716A-55CE-C1C4B915CF36</referredKeyID>
<mandatory>true</mandatory>
<transferable>true</transferable>
<rely>false</rely>
<columnDependencyConstraintGenerateInDDL>true</columnDependencyConstraintGenerateInDDL>
</FKIndexAssociation>