<?xml version = '1.0' encoding = 'UTF-8'?>
<FKIndexAssociation class="oracle.dbtools.crest.model.design.relational.FKIndexAssociation" directorySegmentName="seg_0" id="37AD5864-5CA4-49AD-FDF6-AF1EFDF50F08" containerWithKeyObject="D3929E46-65E0-4D09-CFA4-D2214D28C0B3" localFKIndex="410DAF25-FAF6-D712-65DF-37DD66A6398A" name="USU_X_ORG_USU_FK">
<createdBy>Erick Marín</createdBy>
<createdTime>2015-10-05 17:19:30 UTC</createdTime>
<ownerDesignName>modelo_relacional_trello</ownerDesignName>
<deleteRule>NO ACTION</deleteRule>
<referredTableID>B72DD6D6-F9D4-6A8C-8599-E4D3632D0A91</referredTableID>
<keyObject>62961554-7597-083D-3793-66AD9E26E8C4</keyObject>
<referredKeyID>62961554-7597-083D-3793-66AD9E26E8C4</referredKeyID>
<mandatory>true</mandatory>
<transferable>true</transferable>
<rely>false</rely>
<columnDependencyConstraintGenerateInDDL>true</columnDependencyConstraintGenerateInDDL>
</FKIndexAssociation>