<?xml version = '1.0' encoding = 'UTF-8'?>
<FKIndexAssociation class="oracle.dbtools.crest.model.design.relational.FKIndexAssociation" directorySegmentName="seg_0" id="3F6EB2C2-0D5B-764C-288B-E235B68AE2BB" containerWithKeyObject="408D3EA2-9024-6D7E-FFF7-81601CF4C839" localFKIndex="A3DDAEDF-ED2D-E3B1-FF9C-8149C556183B" name="CHE_TAR_FK">
<createdBy>Erick Marín</createdBy>
<createdTime>2015-11-19 20:40:39 UTC</createdTime>
<ownerDesignName>modelo_relacional_trello</ownerDesignName>
<deleteRule>NO ACTION</deleteRule>
<referredTableID>3BC7F882-A643-8368-455E-9008A33A29CB</referredTableID>
<keyObject>61F1DAD6-B9AC-6D86-2628-A99D7D1AFEC7</keyObject>
<referredKeyID>61F1DAD6-B9AC-6D86-2628-A99D7D1AFEC7</referredKeyID>
<mandatory>true</mandatory>
<transferable>true</transferable>
<rely>false</rely>
<columnDependencyConstraintGenerateInDDL>true</columnDependencyConstraintGenerateInDDL>
</FKIndexAssociation>