<?xml version = '1.0' encoding = 'UTF-8'?>
<FKIndexAssociation class="oracle.dbtools.crest.model.design.relational.FKIndexAssociation" directorySegmentName="seg_0" id="64880730-8CF1-3F0F-87C3-2C95DB433C63" containerWithKeyObject="3BC7F882-A643-8368-455E-9008A33A29CB" localFKIndex="727F1DC8-F829-94A9-F088-DD4361254903" name="TAR_USU_FK">
<createdBy>Erick Marín</createdBy>
<createdTime>2015-10-06 17:20:01 UTC</createdTime>
<ownerDesignName>modelo_relacional_trello</ownerDesignName>
<deleteRule>NO ACTION</deleteRule>
<referredTableID>B72DD6D6-F9D4-6A8C-8599-E4D3632D0A91</referredTableID>
<keyObject>62961554-7597-083D-3793-66AD9E26E8C4</keyObject>
<referredKeyID>62961554-7597-083D-3793-66AD9E26E8C4</referredKeyID>
<mandatory>true</mandatory>
<transferable>true</transferable>
<rely>false</rely>
<columnDependencyConstraintGenerateInDDL>true</columnDependencyConstraintGenerateInDDL>
</FKIndexAssociation>