<?xml version = '1.0' encoding = 'UTF-8'?>
<FKIndexAssociation class="oracle.dbtools.crest.model.design.relational.FKIndexAssociation" directorySegmentName="seg_0" id="88270302-EF2A-2D5B-B4DD-E978B2FE8D70" containerWithKeyObject="7E4A6D65-F5B4-85BB-572A-C98C18F171AB" localFKIndex="DDB09E06-491F-970B-A4F9-2ADCD1AA97C7" name="USU_X_TAB_TAB_FK">
<createdBy>Erick Marín</createdBy>
<createdTime>2015-10-05 17:45:50 UTC</createdTime>
<ownerDesignName>modelo_relacional_trello</ownerDesignName>
<deleteRule>NO ACTION</deleteRule>
<referredTableID>9449526C-4A81-8472-ECF6-BFA9588AFD39</referredTableID>
<keyObject>7265F8C7-11AE-AF54-BF06-3ADA57311478</keyObject>
<referredKeyID>7265F8C7-11AE-AF54-BF06-3ADA57311478</referredKeyID>
<mandatory>true</mandatory>
<transferable>true</transferable>
<rely>false</rely>
<columnDependencyConstraintGenerateInDDL>true</columnDependencyConstraintGenerateInDDL>
</FKIndexAssociation>