<?xml version = '1.0' encoding = 'UTF-8'?>
<FKIndexAssociation class="oracle.dbtools.crest.model.design.relational.FKIndexAssociation" directorySegmentName="seg_0" id="B8F2CDB8-CDE1-7040-AE33-5EA824D26E60" containerWithKeyObject="7E4A6D65-F5B4-85BB-572A-C98C18F171AB" localFKIndex="7F435D39-AB43-02DC-00A9-421AAC1ED136" name="USU_X_TAB_USU_FK">
<createdBy>Erick Marín</createdBy>
<createdTime>2015-10-05 17:45:33 UTC</createdTime>
<ownerDesignName>modelo_relacional_trello</ownerDesignName>
<deleteRule>NO ACTION</deleteRule>
<referredTableID>B72DD6D6-F9D4-6A8C-8599-E4D3632D0A91</referredTableID>
<keyObject>62961554-7597-083D-3793-66AD9E26E8C4</keyObject>
<referredKeyID>62961554-7597-083D-3793-66AD9E26E8C4</referredKeyID>
<mandatory>true</mandatory>
<transferable>true</transferable>
<rely>false</rely>
<columnDependencyConstraintGenerateInDDL>true</columnDependencyConstraintGenerateInDDL>
</FKIndexAssociation>