<?xml version = '1.0' encoding = 'UTF-8'?>
<relationalModel class="oracle.dbtools.crest.model.design.relational.RelationalDesign" name="Relational_1" id="22A4B30A-145D-094F-6107-987698A53641" mainViewID="1A8C115D-400B-46EC-95EA-DFF862DBE072">
<createdBy>Erick Marín</createdBy>
<createdTime>2015-10-02 17:19:49 UTC</createdTime>
<ownerDesignName>modelo_relacional_trello</ownerDesignName>
<shouldBeOpen>true</shouldBeOpen>
<selectedRDBMSSite>32076570-2523-435C-2E92-BF29817DFF70</selectedRDBMSSite>
</relationalModel>